Author name,wikidata,VIAF,GND,ISNI,SBN,Author name,wikidata,VIAF,GND,ISNI,SBN,Title,Number of books,Number of verses,metre,subject,ordo,Götterapparat,Year,Description,Year,Description,Category,Category,Transmission statement,Source,VD16,VD17,EDIT16,OPAC SBN,URN,PURL,Google Books ID,Description,Google Books ID,Description,Google Books ID,Description,Google Books ID,Description,Modern Editions,machine readable version,bib. ref.
Petrus Apollonius @Collatius,Q61474878,,,,,,,,,,,Hierosolyma,4,2565,hex,,,,,,,,hist_far,,,braunPedisequaCamenaeZur2020: 23,,,,,,http://mdz-nbn-resolving.de/urn:nbn:de:bvb:12-bsb10207574-7 ,,,,,,,,,,,
Jacopo @Sadoleto,Q682478,,,,,,,,,,,Curtius,1,350,hex,,,,,,,,hist_far,,,braunPedisequaCamenaeZur2020: 29,,,,,,,,,,,,,,,,,
Hieronymus @Maripertus,Q26265364,,,,,,,,,,,Seraphicae,20,5300,hex,,,,,,,,hag,,,braunPedisequaCamenaeZur2020: 34,,,46673,,urn:nbn:de:bvb:12-bsb10190898-5 ,http://mdz-nbn-resolving.de/urn:nbn:de:bvb:12-bsb10190898-5 ,,,,,,,,,,,
Scipio @Capicius,Q2260338,,,,,,,,,,,Vates Maximus,3,1705,hex,,,,,,,,bib,,,braunPedisequaCamenaeZur2020: 49,,,"9084,9083,9079,9080",,,,,,,,,,,,,,
Fabio @Barignani,Q55904542,,,,,,,,,,,Gigantomachia,4,3562,hex,,,,,,,,myth,,,braunPedisequaCamenaeZur2020: 62,,,,,,,,,,,,,,,,,
Bartholomaeus @Botta,,264123564,,,,,,,,,,Davidias,12,13950,hex,,,,,,,,bib,,,braunPedisequaCamenaeZur2020: 77,,,,,urn:nbn:de:bvb:12-bsb11270773-6 ,http://mdz-nbn-resolving.de/urn:nbn:de:bvb:12-bsb11270773-6 ,,,,,,,,,,,
Franciscus @Benci,Q30014571,14926743,,,,,,,,,,Quinque Martyres,6,5600,hex,Q709273,,,,,,,hist_close,hag,,braunPedisequaCamenaeZur2020: 140,,,,,,,,,,,,,,,,,
Paulus @Musconius,,89249303,,,,,,,,,,Marias,3,2480,hex,Q709273,,,,,,,bib,,,braunPedisequaCamenaeZur2020: 163,,,38393, IT\ICCU\LO1E\035570,,,heWcdnkKc7wC,1600,,1600,,,,,,,
Ioannes Marcus @Fannianus,,130934173,http://d-nb.info/gnd/14174698X,,,,,,,,,Bellum Arrianum,6,2830,hex,,,,,,,,hist_far,,,braunPedisequaCamenaeZur2020: 178,,,,,,,,,,,,,,,,,
M. Antonio @Bonciari,Q21545041,,,,,,,,,,,Seraphis,3,1530,hex,,,,,,,,hag,,,braunPedisequaCamenaeZur2020: 194,,,,,,,,,,,,,,,,,
Ioannes Petrus @de Alexandro,Q55875066,,,,,,,,,,,Hierosolyma Eversa,10,6370,hex,,,,,,,,hist_far,,,braunPedisequaCamenaeZur2020: 207,,,,IT\ICCU\NAPE\007936,,http://data.onb.ac.at/rep/109C1F24,,,,,,,,,,,
Odorico @Valmarana,,89522497,,,,,,,,,,Daemonomachia,25,18900,hex,,,,,,,,bib,,,braunPedisequaCamenaeZur2020: 230,,,,, urn:nbn:de:bvb:12-bsb11103733-1,http://mdz-nbn-resolving.de/urn:nbn:de:bvb:12-bsb11103733-1 ,,,,,,,,,,,
Bartholomaeus @Tortolettus,Q30308589,,,,,,,,,,,Juditta Vindex,6,4689,hex,Q28532552,naturalis,Christian,,,,,bib,,,braunPedisequaCamenaeZur2020: 334,,,,IT\ICCU\BVEE\038074,,https://archive.org/details/bub_gb_3n_oKhaheQYC,,,,,,,,,,,
Nicolaus Parthenius @Giannettasius,Q547891,,,,,,,,,,,Xaverius Viator seu Saberidos carmen,9,8200,hex,,,,,,,,hag,,,braunPedisequaCamenaeZur2020: 376,,,,,,,,,,,,,,,,,
Tommaso @Ceva,Q635581,,,,,,,,,,,Iesus Puer,9,4295,hex,,,,,,,,bib,,,braunPedisequaCamenaeZur2020: 412,,,,IT\ICCU\UM1E\002252,,,,,,,,,,,cevaIesusPuer2009,,
Francesco Maria @Cesare,,,,,,,,,,,,Eugenius,12,11200,hex,,,,,,,,hist_close,,,braunPedisequaCamenaeZur2020: 457,,,,,,https://archive.org/details/bub_gb_LLZEfNHQHcsC,,,,,,,,,,,
Claudius Nicolaus @Stampa,,,,,,,,,,,,Eugenius,12,2850,hex,,,,,,,,hist_close,,,braunPedisequaCamenaeZur2020: 485,,,,,,,,,,,,,,,,,oehlerPrinzEugenIm1944
Ottaviano @Savelli,,,,,,,,,,,,Vir Nemoris,2,1736,hex,,,,,,,,hist_close,,,braunPedisequaCamenaeZur2020: 502,,,,,,,,,,,,,,,,,
Francesco @Filippi-Pepe,,,,,,,,,,,,Petri Monumentum,4,1833,hex,,,,,,,,,,,braunPedisequaCamenaeZur2020: 519,,,,,,,,,,,,,,,,,
Gregorio @Jannuccelli,,,,,,,,,,,,Coriolanis,12,7300,hex,Q570532,artificialis,Christian,1852,,,,hist_far,,,braunPedisequaCamenaeZur2020: 545,,,,IT\ICCU\BVE\0326179,,https://archive.org/details/bub_gb_GK1kqNhlqbIC,,,,,,,,,,,
Antonius @Mirabelli,Q97065112,,http://d-nb.info/gnd/1145970737,,,,,,,,,Petreis,24,35000,hex,,,,,,,,bib,,,braunPedisequaCamenaeZur2020: 566,,,,IT\ICCU\PUV\0773489,,,WC3HuYMIjRkC,Vol. 1,Kz7h7dalObMC,Vol. 2,dxY-YGC73-sC,Vol. 3,WzJtXR5m1m8C,Vol. 4,,,
Carolus Aloisius @Morichini  ,Q1042264,,,,,,,,,,,Michaelis,3,1868,hex,,,,,,,,bib,,,braunPedisequaCamenaeZur2020: 689,,,,,,,,,,,,,,,,,
Carolus Aloisius @Morichini  ,Q1042265,,,,,,,,,,,Danielis,3,1929,hex,,,,,,,,bib,,,braunPedisequaCamenaeZur2020: 700,,,,,,,,,,,,,,,,,
Carolus Aloisius @Morichini  ,Q1042266,,,,,,,,,,,Petreis,3,1835,hex,,,,,,,,bib,,,braunPedisequaCamenaeZur2020: 715,,,,,,,,,,,,,,,,,
Carolus Aloisius @Morichini  ,Q1042267,,,,,,,,,,,Parthenias,3,1251,hex,,,,,,,,bib,,,braunPedisequaCamenaeZur2020: 732,,,,,,,,,,,,,,,,,
Innocenzo @Polcari,Q3798983,,,,,,,,,,,Maria sine Labe Originis Proclamata,7,5200,hex,,,,,,,,pan,,,braunPedisequaCamenaeZur2020: 743,,,,,,,,,,,,,,,,,
Hippolytus @Galante,Q11376348,,,,,,,,,,,Saniucta,3,2330,hex,,,,,,,,hist_far,,,braunPedisequaCamenaeZur2020: 767,,,,,,,,,,,,,,,,,
Franciscus @Petrarca,Q1401,39382430,,,,,,,,,,Africa,9,,hex,Q6271,,,,,,,hist_far,,,braunPedisequaCamenaeZur2020: 1*,,,,,,,,,,,,,,,"Festa 1926, Laurens 2006/2018",,
Tommaso de @Chaula,Q102105561,29965255,,,,,,,,,,Bellum Parthicum,,,hex,,,,1406,,,,hist_far,,,braunPedisequaCamenaeZur2020: 1*,,,,,,,,,,,,,,,,,
Antonius @Baratella,Q16527372,,,,,,,,,,,Foscara,,,hex,,,,1423,,,,hst_close,,,braunPedisequaCamenaeZur2020: 12*,,,,,,,,,,,,,,,,,
Antonius @Baratella,Q16527372,,,,,,,,,,,Polydoreis,,,hex,,,,1439,,,,,,,braunPedisequaCamenaeZur2020: 12*,,,,,,,,,,,,,,,,mqdq,
Tommaso @Seneca,Q64019398,,http://d-nb.info/gnd/104104473,,,,,,,,,Historia Bononiensis,4,2818,hex,,,,1443/1463,,,,hist_close,,,braunPedisequaCamenaeZur2020: 1*,,,,,,,,,,,,,,,Fógel 1932,mqdq,
Girolamo dalle @Valli,,,http://d-nb.info/gnd/100355048,,,,,,,,,Jesuis,1,480,hex,,,,1445,before,,,bib,,,braunPedisequaCamenaeZur2020: 1*,,,,,,,,,,,,,,,,,
Maffeo @Vegio,Q1372875,,,,,,,,,,,Antonias,,,hex,,,,,,,,hag,,,braunPedisequaCamenaeZur2020: 1*,,,,,,,,,,,,,,,,,
Maffeo @Vegio,Q1372875,,,,,,,,,,,Astyanax,1,318,hex,,,,1430,,,,myth,,,braunPedisequaCamenaeZur2020: 1*,,,,,,,,,,,,,,,Glei/Köhler 1998,,
Giacomo @dalla Pietà,,,,,,,,,,,,Ioannispaulias,3,,hex,Q989,,,,,,,hist_close,,,,,,,,,,,,,,,,,,,,
Publius Faustus @Andrelinus,,,http://d-nb.info/gnd/104213639,,,,,,,,,Neapolitana Fornoviensisque Victoria ,,,hex,,,pagan,1496,,,,,,,Braun 2007: 11,,,,,,http://mdz-nbn-resolving.de/urn:nbn:de:bvb:12-bsb11303199-4 ,,,,,,,,,,,
Pierre Blarru,Q2093992,,,,,,,,,,,Nanceis,,,hex,,,,1502,,,,,,,Braun 2007: 23,,,,,,,,,,,,,,,,,
Valerand de La Varanne,,,,,,,,,,,,Expugnatio Genuensis ,2,1512,hex,,,,1508,,,,,,,Braun 2007: 35,,,,,,,,,,,,,,,,,
Valerand de La Varanne,,,,,,,,,,,,Gesta Joannae Virginis ,4,3100,hex,,,,1516,,,,,,,Braun 2007: 48,,,,,,,,,,,,,,,,,
Martinus Doletus,,,,,,,,,,,,Parta ab Ludovico Victoria ,,,hex,,,,1508,,,,,,,Braun 2007: 66,,,,,,,,,,,,,,,,,
Sylviolus,,,,,,,,,,,,Ludovici in Venetos Victoria ,,,hex,,,,1509,,,,,,,Braun 2007: 70,,,,,,,,,,,,,,,,,
Monsmoretanus,,122038877,,,,,,,,,,Christis,12,3360,hex,,,,1512,,,,,,,Braun 2007: 74,,,,,,,,,,,,,,,,,
Monsmoretanus,,122038877,,,,,,,,,,Bella Britannica ,,,hex,,,,1513,,,,,,,Braun 2007: 81,,,,,,,,,,,,,,,,,
Monsmoretanus,,122038877,,,,,,,,,,Bellum Ravenne ,,,hex,,,,1513,,,,,,,Braun 2007: 89,,,,,,,,,,,,,,,,,
Rossetus,,,,,,,,,,,,Laurentias ,,,hex,,,,1515,,,,,,,Braun 2007: 92,,,,,,,,,,,,,,,,,
Rossetus,,,,,,,,,,,,Paulus ,,,hex,,artificialis,,1522,,,,,,,Braun 2007: 96,,,,,,,,,,,,,,,,,
Rossetus,,,,,,,,,,,,Christus ,,,hex,,,,1534,,,,,,,Braun 2007: 110,,,,,,,,,,,,,,,,,
Pontanus,,,,,,,,,,,,Invictissimus Rex Franciscus ,,,hex,,,,1516,,,,,,,Braun 2007: 114,,,,,,,,,,,,,,,,,
Calceatus,,,,,,,,,,,,Passio Iesu Christi ,,,hex,,,,1538,,,,,,,Braun 2007: 116,,,,,,,,,,,,,,,,,
Stephanus Doletus,,,,,,,,,,,,Francisci Regis Fata ,,,hex,,,,1539,,,,,,,Braun 2007: 119,,,,,,,,,,,,,,,,,
Pilladius,,,,,,,,,,,,Rusticias ,,,hex,,naturalis,,1541,,,,,,,Braun 2007: 131,,,,,,,,,,,,,,,,,
Malvinus,,,,,,,,,,,,Gallia Gemens ,,,hex,,,,1563,,,,,,,Braun 2007: 144,,,,,,,,,,,,,,,,,
Vinetus,,,,,,,,,,,,Fructus Virginei Ventris ,,,hex,,,,1587,,,,,,,Braun 2007: 150,,,,,,,,,,,,,,,,,
Petrus Angelius @Bargaeus,Q3388211,,,,,,,,,,,Syrias ,12,,hex,Q51649,naturalis,Christian,1591,,,,,,,Braun 2007: 155,,,1798,,urn:nbn:de:bsz:14-db-id3349487468,http://digital.slub-dresden.de/id334948746,,,,,,,,,,,
Salius,,,,,,,,,,,,Vedastias ,,,hex,,,,1591,,,,,,,Braun 2007: 168,,,,,,,,,,,,,,,,,
Blancus,,,,,,,,,,,,Hyacinthus ,,,hex,,,,1594,,,,,,,Braun 2007: 181,,,,,,,,,,,,,,,,,
Rolliardus,,,,,,,,,,,,Caroli Borromaei Hagiopoea ,,,hex,,,,1611,,,,,,,Braun 2007: 186,,,,,,,,,,,,,,,,,
Paulus @Thomas I,,,,,,,,,,,,Lutetias ,,,hex,,,,1617,,,,hist_close,,,Braun 2007: 199,,,,,,,,,,,,,,,,,meldeZeithistorischeNovitatIm2018
Portus,,,,,,,,,,,,Messiae Pugna ,,,hex,,,,1621,,,,,,,Braun 2007: 216,,,,,,,,,,,,,,,,,
Remmius,,,,,,,,,,,,Borbonias ,,,hex,,,,1623,,,,,,,Braun 2007: 225,,,,,,,,,,,,,,,,,
Pater Josephus,,,,,,,,,,,,Turcias ,,,hex,,,,1625,,,,,,,Braun 2007: 237,,,,,,,JB0pAAAAYAAJ,ed. Dedouvres 1894,,,,,,,,,
Louis Cellot,,,,,,,,,,,,Mauritias ,,,hex,Q316599,,,1628,,,,,,,Braun 2007: 260,,,,,,,,,,,,,,,,,
Thomas II,,,,,,,,,,,,Rupellais ,,,hex,,,,1630,,,,,,,Braun 2007: 272,,,,,,,,,,,,,,,,,
Evurtius @Jollyvetus,,,,,,,,,,,,Fulmen in Aquilam ,,,hex,,naturalis,,1636,,,,,,,Braun 2007: 293,,,,,,,,,,,,,,,,,
Millieus,,,,,,,,,,,,Moyses Viator ,,,hex,,,,1636,,,,,,,Braun 2007: 300,,,,,,,,,,,,,,,,,
Auberius,,,,,,,,,,,,Leucata Triumphans ,,,hex,,,,1638,,,,,,,Braun 2007: 374,,,,,,,,,,,,,,,,,
Boessatius,,,,,,,,,,,,Martellus ,,,hex,,,,1639,,,,,,,Braun 2007: 383,,,,,,,,,,,,,,,,,
Du May,,,,,,,,,,,,Enguienneis ,,,hex,,,,1643,,,,,,,Braun 2007: 403,,,,,,,,,,,,,,,,,
Damianus,,,,,,,,,,,,Bellum Germanicum ,,,hex,,,,1648,,,,,,,Braun 2007: 407,,,,,,,,,,,,,,,,,
Antoine Garissoles,,,,,,,,,,,,Adolphis ,,,hex,,,,1649,,,,,,,Braun 2007: 436,,,,,,,,,,,,,,,,,
Jean de @Bussières,Q3175320,,,,,,,,,,,Rhea Liberata ,,,hex,,,,1655,,,,,,,Braun 2007: 469,,,,,,,,,,,,,,,,,
Jean de @Bussières,Q3175320,,,,,,,,,,,Scanderbegus ,,,hex,,,,1658,,,,,,,Braun 2007: 482,,,,,,,,,,,,,,,,,
Jean de @Bussières,Q3175320,,,,,,,,,,,Clodoveis (vor,,,hex,Q160614,,,1675,,,,,,,Braun 2007: 506,,,,,,,,,,,,,,,,,
Mambrunus,,,,,,,,,,,,Constantinus ,,,hex,,,,1658,,,,,,,Braun 2007: 513,,,,,,,,,,,,,,,,,
Le Brun,,,,,,,,,,,,Ignatias ,,,hex,,artificialis,,1661,,,,,,,Braun 2007: 551,,,,,,,,,,,,,,,,,gartnerIgnatiasLaurentiusBrun
L’Abbé,,,,,,,,,,,,Eustachius ,,,hex,,,,1672,,,,,,,Braun 2007: 574,,,,,,,,,,,,,,,,,
René @Rapin,Q511359,,,,,,,,,,,Christus Patiens ,,,hex,,,,1674,,,,,,,Braun 2007: 587,,,,,,,,,,,,,,,,,
Jacques Mayre,,,,,,,,,,,,Carolus Quintus ,,,hex,Q32500,,,1664,,,,,,,Braun 2007: 593,,,,,,,,,,,,,,,,,
Jacques Mayre,,,,,,,,,,,,"Liladamus, ultimus Rhodiorum primusque Melitensium equitum magnus magister, seu Melita.",,,hex,,,,1686,,1693,,,,,Braun 2007: 608,,,,,,,,,uUJp8T4SvqMC,ed. 1693,,,,,,,
Jacques Mayre,,,,,,,,,,,,Recaredus sive Hispania tota catolica,,,hex,,,,1690,,,,,,,Braun 2007: 661,,,,,,,To0H4IC6bCkC,,,,,,,,,,
Joannes,,,,,,,,,,,,Bellum apud Fornovium ,,,hex,,,,1495,,,,,,,Braun 2007: 687,,,,,,,,,,,,,,,,,
Nagonius,,,,,,,,,,,,Ad Ludovicum Regem Panagiricon ,,,hex,,,,1498,,,,,,,Braun 2007: 687,,,,,,,,,,,,,,,,,
de Varanis,,,,,,,,,,,,De in agro Fornoviensi victoria ,,,hex,,,,1501,,,,,,,Braun 2007: 689,,,,,,,,,,,,,,,,,
de Varanis,,,,,,,,,,,,Decertatio ﬁdei et heresis ,,,hex,,,,1505,,,,,,,Braun 2007: 689,,,,,,,,,,,,,,,,,
Andrelinus,,,,,,,,,,,,De in Genuenses victoria ,,,hex,,,,1509,,,,,,,Braun 2007: 690,,,,,,,,,,,,,,,,,
Pielleus,,,,,,,,,,,,De Anglorum ex Galliis fuga ,,,hex,,,,1513,,,,,,,Braun 2007: 690,,,,,,,,,,,,,,,,,
Brixius,,,,,,,,,,,,Herveus ,,,hex,,,,1513,,,,,,,Braun 2007: 692,,,,,,,,,,,,,,,,,
Monsmoretanus,,,,,,,,,,,,Herveis,,,hex,,,,1513,,,,,,,Braun 2007: 693,,,,,,,,,,,,,,,,,
Assaracus,,,,,,,,,,,,Trivultias ,,,hex,,,,1516,,,,,,,Braun 2007: 693,,,,,,,,,,,,,,,,,
Diophilax,,,,,,,,,,,,Christomachia ,,,hex,,,,1527,,,,,,,Braun 2007: 694,,,,,,,,,,,,,,,,,
de Vintimille,,,,,,,,,,,,De bello Rhodio,,,hex,,,,1527,,,,,,,Braun 2007: 694,,,,,,,,,,,,,,,,,
de Vintimille,,,,,,,,,,,,De victoria adversus Turcas ,,,hex,,,,1572,,,,,,,Braun 2007: 695,,,,,,,,,,,,,,,,,
Oliverius,,,,,,,,,,,,Pandora ,,,hex,,,,1541,,,,,,,Braun 2007: 696,,,,,,,,,,,,,,,,,
de Cnobelsdorf,,,,,,,,,,,,Lutetiae descriptio,,,hex,,,,1543,,,,,,,Braun 2007: 697,,,,,,,,,,,,,,,,,
Châteillon,,,,,,,,,,,,Iona propheta ,,,hex,,,,1545,,,,,,,Braun 2007: 698,,,,,,,,,,,,,,,,,
Macrinus,,,,,,,,,,,,De rebus in Gallia Belgica nuper gestis ,,,hex,,,,1545,,,,,,,Braun 2007: 699,,,,,,,,,,,,,,,,,
Choppin,,,,,,,,,,,,ΙΕΡΟΜΑΧΙΑ ,,,hex,,,,1562,,,,,,,Braun 2007: 699,,,,,,,,,,,,,,,,,
Godran,,,,,,,,,,,,Historia crucis ,,,hex,,,,1565,,,,,,,Braun 2007: 699,,,,,,,,,,,,,,,,,
Godran,,,,,,,,,,,,Judith historia ,,,hex,Q28532552,,,1569,,,,,,,Braun 2007: 700,,,,,,,,,,,,,,,,,
Godran,,,,,,,,,,,,Sacriﬁcium Abrahami ,,,hex,,,,1572,,,,,,,Braun 2007: 700,,,,,,,,,,,,,,,,,
Masurius,,,,,,,,,,,,Babylon ,,,hex,,,,1569,,,,,,,Braun 2007: 700,,,,,,,,,,,,,,,,,
de Lamoignon,,,,,,,,,,,,Martigius ,,,hex,,,,1570,,,,,,,Braun 2007: 702,,,,,,,,,,,,,,,,,
Perotus,,,,,,,,,,,,Lotareis,,,hex,,,,1570,,,,,,,Braun 2007: 702,,,,,,,,,,,,,,,,,
Clutin,,,,,,,,,,,,Pugna navalis ,,,hex,,,,1571,,,,,,,Braun 2007: 703,,,,,,,,,,,,,,,,,
Mylonymus,,,,,,,,,,,,De seditionibus regni gallici ,,,hex,,,,1572,,,,,,,Braun 2007: 703,,,,,,,,,,,,,,,,,
Rougeart,,,,,,,,,,,,Curiosolitarum triumphus ,,,hex,,,,1578,,,,,,,Braun 2007: 703,,,,,,,,,,,,,,,,,
Carpenteius,,,,,,,,,,,,Vaticinia Jesaiae ,,,hex,,,,1586,,,,,,,Braun 2007: 704,,,,,,,,,,,,,,,,,
Filhol,,,,,,,,,,,,Sacra regum historia ,,,hex,,,,1587,,,,,,,Braun 2007: 704,,,,,,,,,,,,,,,,,
de Thou,,,,,,,,,,,,Metaphrasis librorum sacrorum ,,,hex,,,,1588,,,,,,,Braun 2007: 707,,,,,,,,,,,,,,,,,
Balinus,,,,,,,,,,,,Diva Magdalena ,,,hex,,,,1601,,,,,,,Braun 2007: 707,,,,,,,,,,,,,,,,,
Vias,,,,,,,,,,,,Henricea ,,,hex,,,,1606,,,,,,,Braun 2007: 708,,,,,,,,,,,,,,,,,
Sorel,,,,,,,,,,,,Henrias ,,,hex,,,,1614,,,,,,,Braun 2007: 709,,,,,,,,,,,,,,,,,
de Clavière,,,,,,,,,,,,Ceres ,,,hex,,,,1619,,,,,,,Braun 2007: 710,,,,,,,,,,,,,,,,,
de Machault,,,,,,,,,,,,Lodoici expeditio in Italiam ,,,hex,,,,1630,,,,,,,Braun 2007: 710,,,,,,,,,,,,,,,,,
Berthault,,,,,,,,,,,,Casallum bis liberatum ,,,hex,,,,1631,,,,,,,Braun 2007: 712,,,,,,,,,,,,,,,,,
François Vavasseur,,,,,,,,,,,,Jobus ,,,hex,,,,1638,,,,,,,Braun 2007: 714,,,,,,,tWVEAAAAcAAJ,,,,,,,,,,
François Vavasseur,,,,,,,,,,,,De miraculis Christi ,,,hex,,,,1644,,,,,,,Braun 2007: 714,,,,,,,,,,,,,,,,,
François Vavasseur,,,,,,,,,,,,"ΥΠΟΠΑΝΤΗ sive occursus Mariae Simeonis, et Annae, Hierosolymis, in templo",1,,hex,,,,,,,,,,,,,,,,,,1BlkeJjLdMwC,p. 47-59,,,,,,,,,
François Vavasseur,,,,,,,,,,,,De nuptiis Theodori et Irenes,,,hex,,,,,,,,,,,,,,,,,,1BlkeJjLdMwC,p. 84-110,,,,,,,,,
Chanut,,,,,,,,,,,,Septem Virginis mysteria ,,,hex,,,,1650,,,,,,,Braun 2007: 714,,,,,,,,,,,,,,,,,
Maury,,,,,,,,,,,,Ecclesiastes Salomonis ,,,hex,,,,1668,,,,,,,Braun 2007: 719,,,,,,,,,,,,,,,,,
Morus,,,,,,,,,,,,Laus Christi nascentis ,,,hex,,,,1669,,,,,,,Braun 2007: 719,,,,,,,,,,,,,,,,,
Frizon,,,,,,,,,,,,Xaverius thaumaturgus ,,,hex,,,,1684,,,,,,,Braun 2007: 720,,,,,,,,,,,,,,,,,
Giovanni Pietro @Arrivabene,,,,,,,,,,,,Gonzagis,,,hex,,,,1453/1478,,,,,,,braunPedisequaCamenaeZur2020: 10*,,,,,,,,,,,,,,,,,
Macario @Muzio,Q94932782,,,,,,,,,,,De triumpho Christi,1,353,hex,,,,1499,,,,,,,braunPedisequaCamenaeZur2020: 11*,,,,,,,,,,,,,,,,,
Caesar @Delphinus,,,,,,,,,,,,Mariados libri tres,3,,hex,,,,1539,,,,,,,braunPedisequaCamenaeZur2020: 11*,,,,,,,,,,,,,,,,,
Natalis @Donadeus,,,,,,,,,,,,De bello Christi,,,hex,,,,1614,,,,,,,braunPedisequaCamenaeZur2020: 11*,,,,,,,,,,,,,,,,,
Franciscus @Maurus,Q56006560,,,,,,,,,,,Franciscias,,,hex,Q676555,,,1571,first printed,,,,,,braunPedisequaCamenaeZur2020: 11*,,,,,,,mKJZnb9t_34C,Edition 1833,IW0yVyEonJIC,Edition 1634,etAfwd10QfEC,1571,,,,,
@Angelus de Curibus Sabinis,,,,,,,,,,,,De Excidio Civitatis Leodensis,,,hex,,,,1470,ca,,,,,,braunPedisequaCamenaeZur2020: 12*,,,,,,,,,,,,,,,,,
Johannes @Braus,,,,,,,,,,,,De Hierosolymorum excidio poemation,,616,hex,Q844886,,,1824,,,,,,,braunPedisequaCamenaeZur2020: 12*,,,,,,,,,,,,,,,,,KorenjakTyrolisLatina2012:920-922
Michael @Capellarius,,,,,,,,,,,,"Christinas, sive Christina lustrata",,,hex,,,,1700,,,,,,,braunPedisequaCamenaeZur2020: 12*,,,,,,,,,,,,,,,,,
Antonio @Cesare,,,,,,,,,,,,Maria Theresia Romanorum Imperatrix seu bellum Germanicum,,,hex,,,,1768,,,,,,,braunPedisequaCamenaeZur2020: 12*,,,,,,,,,,,,,,,,,
Francesco Maria @Cesare,,,,,,,,,,,,Theresia sive ostenta Dei O. M. Pro Augusta Maria Theresia Romanorum Imperatrice,,,hex,,,,1752,,,,,,,braunPedisequaCamenaeZur2020: 12*,,,,,,,,,,,,,,,,,
Antoninus @Cingalius Siculus,,,,,,,,,,,,De morte Christi Libri duo,,,hex,,,,1588,,,,,,,braunPedisequaCamenaeZur2020: 12*,,,,,,,,,,,,,,,,,
Alexander @Donatus,Q20203291,29870868,,,,,,,,,,Constantinus Romae Liberator,,,hex,,,,1640,,,,,,,braunPedisequaCamenaeZur2020: 12*,,,,,,,,,,,,,,,,,
Hieronymus @Faletus,Q33897992,353763,,,,,,,,,,Bellum Sicambricum,,,hex,,,,1557,,,,,,,braunPedisequaCamenaeZur2020: 12*,,,,,,,,,,,,,,,,,
Teofilo @Folengo,Q32833,88937788,,,,,,,,,,Hagiomachia,,,hex,,,,1540,ca,,,,,,braunPedisequaCamenaeZur2020: 12*,,,,,,,,,,,,,,,,,
Tito Livio @Frulovisi,,,,,,,,,,,,Hunfreis,,,hex,,,,1437,,,,,,,braunPedisequaCamenaeZur2020: 12*,,,,,,,,,,,,,,,,,
Lorenzo @Gambara,Q16573531,44396441,,,,,,,,,,Expositi,,,hex,,,,1574,,,,,,,braunPedisequaCamenaeZur2020: 12*,,,,,,,,,,,,,,,,,
Hilarions Veronensis,,,http://d-nb.info/gnd/100767435,,,,,,,,,Crisias,,,hex,,,,1468/1470,,,,,,,braunPedisequaCamenaeZur2020: 12*,,,,,,,,,,,,,,,stroblEposCrisiasHilarion2002,,
Iuniperus,,,,,,,,,,,,Christias,,,hex,,,,1799-1802,,,,,,,braunPedisequaCamenaeZur2020: 12*,,,,,,,,,,,,,,,,,
Bernardinus @Leo,,,,,,,,,,,,De bello Turcico,2,1683,hex,,,,1573,,,,,,,braunPedisequaCamenaeZur2020: 12*,,,,,,,,,,,,,,,,,
Carlo Francesco de @Luca,,,,,,,,,,,,Iter Lauretanae Domus sive Pax castra movens,,,hex,,,,1661,,,,,,,braunPedisequaCamenaeZur2020: 12*,,,,,,,,,,,,,,,,,
Giambattista @Marieni,,,,,,,,,,,,Cortesius nondum absolutus,,,hex,,,,1729,,,,,,,braunPedisequaCamenaeZur2020: 12*,,,,,,,,,,,,,,,,,
Giovanni Bartolomeo @Marinoni,,,,,,,,,,,,In expugnationem Trajecti,,,hex,,,,1580,,,,,,,braunPedisequaCamenaeZur2020: 12*,,,,,,,,,,,,,,,,,
Franciscus @Maurus,,,,,,,,,,,,Franciscias,,,hex,,,,1571,,,,,,,braunPedisequaCamenaeZur2020: 12*,,,,,,,,,,,,,,,,,
Antonio Sebastiano @Minturno,Q605110,29685362,,,,,,,,,,De adventu Caroli V. Imperatoris in Italiam,,,hex,Q32500,,,1564,,,,,,,braunPedisequaCamenaeZur2020: 12*,,,,,,,,,,,,,,,,,
Antonio Sebastiano @Minturno,Q605110,29685362,,,,,,,,,,Moseis,,,,,,,,,,,,,not preserved,Titi’s ommentary on Syiras,,,,,,,,,,,,,,,,,
Boninus Mediolanensis @Mombritius,,,,,,,,,,,,De dominica passione,,,hex,,,,1474,,,,,,,braunPedisequaCamenaeZur2020: 12*,,,,,,,,,,,,,,,,,
Bonaventura @Moronius,,,,,,,,,,,,Cataldias,,,hex,,,,1614,,,,,,,braunPedisequaCamenaeZur2020: 12*,,,,,,,,,,,,,,,,,
Johannes Michael @Nagonius,,,,,,,,,,,,Ad Potentissimum Ludovicum Francie Regem,,,hex,,,,1499,,,,,,,braunPedisequaCamenaeZur2020: 12*,,,,,,,,,,,,,,,,,
Franciscus Petreius @Niger,,,,,,,,,,,,Nuptiae Britannicae,,,hex,,,,1559,,,,,,,braunPedisequaCamenaeZur2020: 12*,,,,,,,,,,,,,,,,,
Ioannes Baptista @Nigronius,,90397222,,0000 0000 6252 234X,IT\ICCU\VEAV\050747,,,,,,,Bellum Pannonicum,2,,hex,Q258679,,,1666,,,,,,,braunPedisequaCamenaeZur2020: 12*,,,,IT\ICCU\VEAE\003488,,,NuxLgCNW2EAC,,,,,,,,,,
Matteo Eudocio @Persici,,,,,,,,,,,,Nepomuceneidos libri VIII,8,,hex,,,,1773,first printed,1759,written,,,,braunPedisequaCamenaeZur2020: 12*,,,,,,,,,,,,,,,,,
Octavius @Pisanus,,,,,,,,,,,,Pietas Caroli Magni,,,hex,,,,1603,,,,,,,braunPedisequaCamenaeZur2020: 12*,,,,,,,,,,,,,,,,,
Lorenzo @Rocci,,,,,,,,,,,,Luigi Rizzo,,,hex,,,,1918,,,,,,,braunPedisequaCamenaeZur2020: 12*,,,,,,,,,,,,,,,,,
Lorenzo @Rocci,,,,,,,,,,,,Mare nostrum,,,hex,,,,1918,,,,,,,braunPedisequaCamenaeZur2020: 12*,,,,,,,,,,,,,,,,,
Gennaro Aspreno @Rocco,,,,,,,,,,,,Africa poema epicum,,,hex,,,,1903,,,,,,,braunPedisequaCamenaeZur2020: 12*,,,,,,,,,,,,,,,,,
Franciscus @Sfondrati,Q3081089,,,,,,,,,,,De raptu Helenae,,1142,hex,Q164061,,,1544,,,,myth,,,braunPedisequaCamenaeZur2020: 12*,,,,,,,,,,,,,,,,,
Augustinus @Terzagus,,,,,,,,,,,,Maphaeis,,,hex,,,,1624,,,,,,,braunPedisequaCamenaeZur2020: 12*,,,,,,,,,,,,,,,,,
Ioannes Sulpitius @Verulanus,,,,,,,,,,,,Iudicium Dei de vivis et mortuis,,,hex,,,,1506,,,,,,,braunPedisequaCamenaeZur2020: 12*,,,,,,,,,,,,,,,,,
Diego @Vitrioli,Q3707260,,,,,,,,,,,Xiphias,3,,hex,,,,1845/93,,,,,,,braunPedisequaCamenaeZur2020: 12*,,,,,,,,,,,,,,,,,
Matheus @Zuppardus,,,http://d-nb.info/gnd/102559317,,,,,,,,,Alfonseis,,,hex,,,,1457,,,,hist_close,,,braunPedisequaCamenaeZur2020: 12*,,,,,,,,,,,,,,,Albanese 1990,http://www.perseus.tufts.edu/hopper/text?doc=Perseus%3atext%3a2011.01.0008,
Francesco @Filelfo,Q4622,,,,,,,,,,,Sphortias,,,hex,,,,1451-1463,,,,hist_close,,,braunPedisequaCamenaeZur2020: 14*,,,,,,,,,,,,,,,Keyser 2015,,
Giovanni Maria @Filelfo,Q3763362,,,,,,,,,,,Amyris,,,hex,,,,1471/74,,,,hist_close,,,braunPedisequaCamenaeZur2020: 14*,,,,,,,,,,,,,,,,,
Giovanni Maria @Filelfo,Q3763362,,,,,,,,,,,Herculeia,,,hex,Q122248,,,1464,,,,hist_close,,,"braunPedisequaCamenaeZur2020: 15*, Haye 2017",,,,,,,,,,,,,,,,,
Giovanni Maria @Filelfo,Q3763362,,,,,,,,,,,Felsineis,,,hex,,,,1461,,,,hist_close,,,Haye 2017: 341*,,,,,,,,,,,,,,,,,
Giovanni Maria @Filelfo,Q3763362,,,,,,,,,,,Martias,,,hex,,,,1464,,,,hist_close,,,Haye 2017: 341*,,,,,,,,,,,,,,,,,hofmannMartiasGiovanniMario2005
Giovanni Maria @Filelfo,Q3763362,,,,,,,,,,,Cosmias,,,hex,,,,1471,,,,hist_close,,,Haye 2017: 341*,,,,,,,,,,,,,,,,,
Giovanni Maria @Filelfo,Q3763362,,,,,,,,,,,Laurentias ,,,hex,,,,1474,,,,hist_close,,,Haye 2017: 341*,,,,,,,,,,,,,,,,,
Basinio @Basini,Q810182,,,,,,,,,,,Hesperis,,,hex,,,,,,,,hist_close,,,Lippincott 1989: 417n5*,,,,,,,,,,,,,,,,,
Basinio @Basini,Q810182,,,,,,,,,,,Meleagris,3,,hex,,,,1447/1448,,,,myth,,,braunPedisequaCamenaeZur2020: 13*,,,,,,,,,,,,,,,Berger 2002,,
Tito Vespasiano @Strozzi,,,,,,,,,,,,Borsias,10,,hex,,,,1504,,,,hist_close,,,"Lippincott 1989: 417n5*, Hofmann 2001: 148-150",,,,,,,,,,,,,,,Ludwig 1977,,
Gianantonio @Pandoni,Q12270006,,,,,,,,,,,Feltrias,,,hex,,,,,,,,hist_close,,,Lippincott 1989: 417n5*,,,,,,,,,,,,,,,,,
Antonio @Cornazzano,,,,,,,,,,,,Sphortias,,,hex,,,,,,,,hist_close,,,Lippincott 1989: 417n5*,,,,,,,,,,,,,,,,,
Naldo @Naldi,,,,,,,,,,,,Volaterrais,,,hex,,,,,,,,hist_close,,,braunPedisequaCamenaeZur2020: 15*,,,,,,,,,,,,,,,,,schindlerEroberungVolterraDurch2005
Ubertino @Pusculo,,,,,,,,,,,,Constantinopoleos libri IV,,,hex,,,,1466,,,,hist_close,,,braunPedisequaCamenaeZur2020: 15*,,,,,,,,,,,,,,,Ellissen 1857,mqdq,
Ubertino @Pusculo,,,,,,,,,,,,Symonis,2,1500,hex,Q544321,,,1478,finished,1511,first printed,hist_close,,,braunPedisequaCamenaeZur2020: 15*,,,,,,,,,,,,,,,,,KorenjakTyrolisLatina2012:71-74
Alexander Thomas @Cortesius,,,,,,,,,,,,De laudibus Matthiae Corvini regis,,,hex,,,,1485,,,,hist_close,pan,,braunPedisequaCamenaeZur2020: 15*,,,,,,,,,,,,,,,,,
Ugolino @Verino,,,,,,,,,,,,Carlias,15,,hex,Q3044,,,1494,,,,hist_far,,,braunPedisequaCamenaeZur2020: 16*,,,,,,,,,,,,,,,Thurn 2002,,
Ioannes Stefanus @Emilianus,,,,,,,,,,,,Encomiastica ad Divos Caess. Foedericum imperatorem et Maximilianum regem,5,,hex,,,,1504,,,,hist_close,pan,,braunPedisequaCamenaeZur2020: 16*,,,,,,,,,,,,,,,,,schaffenrathErsteGrosseposUber2019
Giovanni Battista @Cantalicio,,,,,,,,,,,,Gonsalvia,4,3900,hex,,,,1506,,,,hist_close,,,braunPedisequaCamenaeZur2020: 16*,,,,,,,,,,,,,,,,,
Marco Girolamo @Vida,Q1340193,,,,,,,,,,,Felsinais,6,5400,hex,,,,1508/1509,,,,hist_close,,,braunPedisequaCamenaeZur2020: 16*,,,,,,,,,,,,,,,,,
Pierius @Valerianus,,,,,,,,,,,,Ioathas Rotatus,9,1040,hex,,,,1512,,,,hag,,,braunPedisequaCamenaeZur2020: 16*,,,,,,,,,,,,,,,,,
Riccardo @Bartolini,,,,,,,,,,,,Austrias,12,,hex,,,,1516,,,,hist_close,,,braunPedisequaCamenaeZur2020: 17*,,,,,,,,,,,,,,,,,romerAeneasHabsburgusRudolf2001
Publius Franciscus @Modestus,,,,,,,,,,,,Venetias,12,14400,hex,,,,1521,,,,,,,braunPedisequaCamenaeZur2020: 17*,,,,,,,,,,,,,,,,,
Francesco @Rococciolo,,,,,,,,,,,,Mutineis,12,,hex,,,,1521,,,,,,,braunPedisequaCamenaeZur2020: 17*,,,,,,,,,,,,,,,Haye 2006/2009,,
Baptista @Fiaera Mantuanus,,,,,,,,,,,,De Deo homine,4,,hex,,,,1522,,,,,,,braunPedisequaCamenaeZur2020: 17*,,,,,,,,,,,,,,,,,
Camillo @Querno,Q19985074,19985047,,,,,,,,,,De bello Neapolitano,2,,hex,Q1355145,,,1529,,,,hist_close,,,braunPedisequaCamenaeZur2020: 17*,,,,,,,,,,,,,,,D’Alessandro 2004,,
Rocco @Boni,,,,,,,,,,,,Austrias,4,,hex,,,,1559,,,,hist_close,pan,,braunPedisequaCamenaeZur2020: 18*,,,,,,,,,,,,,,,,,
Lorenzo @Gambara,Q16573531,44396441,,,,,,,,,,De navigatione Christophori Columbi,4,,hex,,,,1581,,,,,,,braunPedisequaCamenaeZur2020: 18*,,,,,,,,,,,,,,,,,
Giovanni Maria @Cattaneo,Q4217480,101583954,,,,,,,,,,Solymis,,,hex,,,,1529,,,,,,,braunPedisequaCamenaeZur2020: 18*,,,,,,,,,,,,,,,"Orth 2001, Haye 2020",,
Johann @Engerd,,66810606,,,,,,,,,,Madrucias,,,hex,,,,1583,,,,,,,braunPedisequaCamenaeZur2020: 18*,E 1297,,,,urn:nbn:de:bvb:12-bsb00038164-7,http://nbn-resolving.de/urn/resolver.pl?urn=urn:nbn:de:bvb:12-bsb00038164-7 ,,,,,,,,,,,KorenjakTyrolisLatina2012:242-244
Giulio Cesare @Stella,,,,,,,,,,,,Columbeidos libri priores duo,,,hex,,,,1585/1589,,,,,,,braunPedisequaCamenaeZur2020: 18*,,,,,,,,,,,,,,,,,
Ioannes Baptista @Vicecomes,,,,,,,,,,,,De Domino nostro Iesu Christo cruci affixo poema,,,hex,,,,1603,before,,,,,,braunPedisequaCamenaeZur2020: 18*,,,,,,,,,,,,,,,,,
Francesco @Guerrieri,,,,,,,,,,,,Ignatias ,12,,hex,,,,1622,,,,,,,braunPedisequaCamenaeZur2020: 18*,,,,,,,,,,,,,,,,,
José Mariano de @Iturriaga,,,,,,,,,,,,Californias,,,hex,,,,,,,,,,,Schaffenrath 2015: ,,,,,,,,,,,,,,,Castro Pallares 1979,,
Francisco Jávrier @Alegre,,,,,,,,,,,,Alexandrias,,,hex,,,,1748/1751,,,,,,,Schaffenrath 2015: 60,,,,,,,,,,,,,,,,,
Johann Baptist @Premlechner,,,,,,,,,,,,De morte Abelis,3,,hex,"Q313421,Q717996",,,1771,,,,bib,,,,,,,,,,,,,,,,,,,,
Jacopo @Sannazaro,,,,,,,,,,,,De partu Virginis,3,,hex,,,,1526,,,,bib,,,,,,,,,,,,,,,,,,,,
Gianfrancesco @Conti,,,,,,,,,,,,De Martis et Veneris concubito,,,hex,,,,,,,,myth,,,Hofmann 2001: 144*,,,,,,,,,,,,,,,,,
Jacobus @Bonus,Q60845243,,,,,,,,,,,De raptu Cerberi,,,hex,Q83496,,,,,,,myth,,,Hofmann 2001: 144*,,,,,,,,,,,,,,,,,
Melchior @Barlaeus,,,,,,,,,,,,De raptu Ganymedis,,,hex,Q131588,,,1563,,,,myth,,,Hofmann 2001: 144*,,,,,,,,,,,,,,,Katona 2002,,
John @Clapham,,,,,,,,,,,,"Narcissus, sive Amoris Iuvenilis et Praecipue Philautiae Brevis atque Moralis Descriptio",,264,hex,,,,1591,,,,myth,,,Hofmann 2001: 145*,,,,,,,,,,,,,,,,,
John @Dickenson,,,,,,,,,,,,"Deorum consessus, sive Apollinis ac Minervae querela",,,hex,,,,1591,,,,myth,,,Hofmann 2001: 145*,,,,,,,,,,,,,,,,,
Joannes Dubravius,Q722649,,,,,,,,,,,Theriobulia,2,,hex,,,,1520,,,,anim,,,Hofmann 2001: 145*,,,,,,,,,,,,,,,,,
Jacobus @Balde,,,,,,,,,,,,Batrachomyomachia,,,hex,,,,1628,,,,com,,,Hofmann 2001: 145*,,,,,,,,,,,,,,,,,
Andreas @Dactius,Q55226892,,,,,,,,,,,Aeluromyomachia,,,hex,,,,,,,,com,,,Hofmann 2001: 145*,,,,,,,,,,,,,,,,,
Petrus Johannes @Beronicius,,,,,,,,,,,,Georgontarchontomachia,,,hex,,,,1673,,,,com,,,Hofmann 2001: 146*,,,,,,,,,,,,,,,,,https://doi.org/10.1163/18796583-90000784
Simon @Lemnius,,,,,,,,,,,,Monachopornomachia,,,hex,,,,,,,,com,,,Hofmann 2001: 146*,,,,,,,,,,,,,,,,,
Gianantonio @Pandoni,Q12270006,,,,,,,,,,,Triumphus Alfonsi devicta Neapoli,3,678,hex,,,,,,,,hist_close,,,Hofmann 2001: 148*,,,,,,,,,,,,,,,,,
Giovanni Battista @Spagnoli,Q810973,,,,,,,,,,,Alphonsus pro rege Hispaniae de victoria Granatae,6,,hex,,,,,,,,,,,Hofmann 2001: 148*,,,,,,,,,,,,,,,,,
Johannes @Bocerus,,,,,,,,,,,,Carminum de origine et rebus gestis regum Daniae et ducum Holsaatiae libri V,5,,hex,,,,1557,,,,,,,Hofmann 2001: 150*,,,,,,,,,,,,,,,,,
Johannes @Bocerus,,,,,,,,,,,,Libri III de origine et rebus gestis Ducum Megapolensium carmine elegiaco,3,,hex,,,,1559,,,,,,,Hofmann 2001: 150*,,,,,,,,,,,,,,,,,
Pantaleon @Candidus,,,,,,,,,,,,Gotiberis,,,hex,,,,1587,,,,,,,Hofmann 2001: 150*,,,,,,,,,,,,,,,candidusGotiberis15872008,,
Pantaleon @Candidus,,,,,,,,,,,,Bohemias,,,hex,,,,1587,,,,,,,Hofmann 2001: 151*,,,,,,,,,,,,,,,,,
Johannes @Campanus Vodnianus,,,,,,,,,,,,Czechias,,,hex,,,,1616,,,,,,,Hofmann 2001: 151*,,,,,,,,,,,,,,,,,
Vincentius @Placcius,,,,,,,,,,,,Atlantis retecta,,,hex,,,,,,,,,,,Hofmann 2001: 160*,,,,,,,,,,,,,,,"scheerArgonautenUndAneas2007,placciusAtlantisRetectaErste1992",,
Ubertino @Carrara,Q47307825,88050261,,,,,,,,,,Columbus,12,,hex,,,,1715,,,,,,,Hofmann 2001: 160*,,,,,,,,,,,,,,,,,
Alois @Mickl,,"6,15124650974413E+018",http://d-nb.info/gnd/1147036861,,,,,,,,,Plus ultra,,,hex,,,,,,,,,,,Hofmann 2001: 160*,,,,,,,,,,,,,,,"micklUltraLateinischesEpisches1902,sumperUltraKolumbuseposAlois1990",,
Franciscus @Plante,,,,,,,,,,,,Mauritias ,12,6430,hex,Q316599,,,1647,,,,hist_close,,,Hofmann 2001: 160*,,,,,,,,,,,,,,,,,
Marco Girolamo @Vida,Q1340193,,,,,,,,,,,Christias,6,,hex,Q302,,,,,,,,,,,,,,,,,,,,,,,,,,,
Álvar Gómez de Ciudad Real,Q5642494,,,,,,,,,,,Thalichristia,25,16000,hex,,,,1522,,,,bib,,,Hofmann 2001: 167*,,,,,,,,,,,,,,,,,
Jacobus @Bonus,Q60845243,,,,,,,,,,,De vita et gestis Christi,16,,hex,Q302,,,,,,,,,,Hofmann 2001: 167*,,,,,,,,,,,,,,,,mqdq,
Humbert de @Montmoret,,,,,,,,,,,,Christias,10,,hex,Q302,,,1525,,,,,,,Hofmann 2001: 167*,,,,,,,,,,,,,,,,,
Friedrich @Dedekind,Q70830,,,,,,,,,,,Metamorphoses sacrae,5,,hex,,,,1565,,,,,,,Hofmann 2001: 168*,,,,,,,,,,,,,,,,,
Caspar @Nentwich,,,,,,,,,,,,Historia Domini Nostri Jesu Christi carmine heroico summatim comprehensa,,,hex,Q302,,,1563,,,,,,,Hofmann 2001: 168*,,,,,,,,,,,,,,,,,
Georgius @Nicolasius,,,,,,,,,,,,Historia Jesu Christi heroicis numeris,,,hex,Q302,,,1590,,,,,,,Hofmann 2001: 168*,,,,,,,,,,,,,,,,,
Melchior @Neukirch,,,,,,,,,,,,Historia Passionis Domini Nostri Jesu Christi,,,hex,,,,1580,,,,,,,Hofmann 2001: 168*,,,,,,,,,,,,,,,,,
Johannes @Klockus,,,,,,,,,,,,Christiados priscae et novae libri XII,,,hex,,,,1601,,,,,,,Hofmann 2001: 168*,,,,,,,,,,,,,,,,,
Alexander @Ross,,,,,,,,,,,,Vigilii evangelisantis Christiados libri XIII,13,10850,hex,,,,1634,,,,,,,Hofmann 2001: 168*,,,,,,,,,,,,,,,,,
Roberto @Clarke,,,,,,,,,,,,Christiados sive de passione Domini et Salvatoris nostri Jesu Christi libri XVII,,,hex,,,,1675,,,,,,,Hofmann 2001: 168*,,,,,,,,,,,,,,,,,
Jacoubs @Masenius,,,,,,,,,,,,Sarcotis,5,2500,hex,,,,1654,,,,,,,Hofmann 2001: 168*,,,,,,,,,,,,,,,,,
Giovanni da @Corella,,,,,,,,,,,,Theotokon seu de vita et obitu beatae Virgines Mariae,4,,hex,,,,1468,,,,,,,Hofmann 2001: 172*,,,,,,,,,,,,,,,,,
Macario @Muzio,Q94932782,,,,,,,,,,,Divi Sebastiani Encomion,,490,hex,,,,1523,,,,,,,Hofmann 2001: 172*,,,,,,,,,,,,,,,,,
Giovanni Battista @Spagnoli,Q810973,,,,,,,,,,,Parthenice Mariana,3,2895,hex,,,,1481,,,,,,,Hofmann 2001: 172*,,,,,,,,,,,,,,,,http://mizar.unive.it/poetiditalia/public/indici/autori/idautori/190,
Jacobus @Bonus,Q60845243 ,,,,,,,,,,,Praeludium in treis distinctum libros … Herculis labores & gesta in Christi figuram mystice ac pulcherrime eodem carmine continentes,3,1040,hex,,,,1526,,,,,,,Hofmann 2001: 170*,,,,,,,,,,,,,,,,,
Johannes @Major,,,,,,,,,,,,Samson,,,hex,,,,,,,,,,,Hofmann 2001: 170*,,,,,,,,,,,,,,,,,
Rudolph @Walther,,,,,,,,,,,,Monomachia Davidis et Goliae et allegorica eiusdem expositio,3,,hex,,,,1550,,,,,,,Hofmann 2001: 170*,,,,,,,,,,,,,,,,,
Petrus Apollonius @Collatius,Q61474878,,,,,,,,,,,Heroicum carmen de duello Davidis et Goliae,,222,hex,Q844886,,,,,,,,,,Hofmann 2001: 170*,,,,,,,,,,,,,,,,,
Marcus Marulić,Q336571,,,,,,,,,,,Davidias,,,hex,,,,1500,,,,,,,Hofmann 2001: 170*,,,,,,,,,,,,,,,marulicMaruliDelmataeDavidias2006,,
Girolamo @Fracastoro,,,,,,,,,,,,Joseph,,,hex,,,,1555,,,,,,,czaplaBibeleposFruehenNeuzeit2013,,,,,,,,,,,,,,,,,
Johannes @Major,,,,,,,,,,,,Paradisus seu hortus Adami,,,hex,,,,1558,,,,,,,czaplaBibeleposFruehenNeuzeit2013,,,,,,,,,,,,,,,,,
Johannes @Sprinck,,,,,,,,,,,,De lapsu primorum parentum ,,,hex,,,,1559,,,,,,,czaplaBibeleposFruehenNeuzeit2013,,,,,,,,,,,,,,,,,
Caspar Geger,,,,,,,,,,,,De lapsu primorum parentum,,,hex,,,,1561,,,,,,,czaplaBibeleposFruehenNeuzeit2013,,,,,,,,,,,,,,,,,
Johannes Krüger,,,,,,,,,,,,Exemplum amicitiae Davidis et Jonathae,,,hex,,,,1561,,,,,,,czaplaBibeleposFruehenNeuzeit2013,,,,,,,,,,,,,,,,,
Andreas Zaelychius,,,,,,,,,,,,Convivium Abrahae in Mamre,,,hex,,,,1564,,,,,,,czaplaBibeleposFruehenNeuzeit2013,,,,,,,,,,,,,,,,,
Valentin Fesenbeck,,,,,,,,,,,,Colloquium Dei et primorum parentum post lapsum,,,hex,,,,1565,,,,,,,czaplaBibeleposFruehenNeuzeit2013,,,,,,,,,,,,,,,,,
Laurentius @Fabricius,,,,,,,,,,,,Adamus,,,hex,,,,1566,,,,,,,czaplaBibeleposFruehenNeuzeit2013,,,,,,,,,,,,,,,,,
Antonius Probus,,,,,,,,,,,,Immolatio Isaac,,,hex,,,,1566,,,,,,,czaplaBibeleposFruehenNeuzeit2013,,,,,,,,,,,,,,,,,
Elias Corvinus,,,,,,,,,,,,Josephias,,,hex,,,,1568,,,,,,,czaplaBibeleposFruehenNeuzeit2013,,,,,,,,,,,,,,,,,
Charles Godran,,,,,,,,,,,,Sacrificii Abrahami hypotyposis,,,hex,,,,1572,,,,,,,czaplaBibeleposFruehenNeuzeit2013,,,,,,,,,,,,,,,,,
Petrus Leo,,,,,,,,,,,,De prima hebdomade,,,hex,,,,1573,,,,,,,czaplaBibeleposFruehenNeuzeit2013,,,,,,,,,,,,,,,,,
Johannes Seckerwitz,,,,,,,,,,,,Carmen de Abrahamo tentato,,,hex,,,,1574,,,,,,,czaplaBibeleposFruehenNeuzeit2013,,,,,,,,,,,,,,,,,
Petrus Albinus,,,,,,,,,,,,Manna Israelidarum,,,hex,,,,1575,,,,,,,czaplaBibeleposFruehenNeuzeit2013,,,,,,,,,,,,,,,,,
Johannes Marschall,,,,,,,,,,,,De exitu Israelitarum ex Aegypto ,,,hex,,,,1576,,,,,,,czaplaBibeleposFruehenNeuzeit2013,,,,,,,,,,,,,,,,,
Johannes Pennisaccus,,,,,,,,,,,,Historia lapsus et reparationis primorum parentum ,,,hex,,,,1576,,,,,,,czaplaBibeleposFruehenNeuzeit2013,,,,,,,,,,,,,,,,,
Johannes Major,,,,,,,,,,,,Rubus Mosis ,,,hex,,,,1577,,,,,,,czaplaBibeleposFruehenNeuzeit2013,,,,,,,,,,,,,,,,,
Barthomomaeus Rosinus,,,,,,,,,,,,Allegoria Scalae Iacob ,,,hex,,,,1579,,,,,,,czaplaBibeleposFruehenNeuzeit2013,,,,,,,,,,,,,,,,,
Paulus Didymus ,,,,,,,,,,,,Josephias ,8,,hex,,,,1580,,,,,,,czaplaBibeleposFruehenNeuzeit2013,,,,,,,,,,,,,,,,,
Eberhard Dedekind,,,,,,,,,,,,De statu et lapsu primorum parentum ,,,hex,,,,1587,,,,,,,czaplaBibeleposFruehenNeuzeit2013,,,,,,,,,,,,,,,,,
Melchior Neofanius ,Q1781035,,,,,,,,,,,Monarchias ,,,hex,,,,1589,,,,,,,czaplaBibeleposFruehenNeuzeit2013,,,,,,,,,,,,,,,,,
Johann Adam,,,,,,,,,,,,Historia de Abrahamo et Isaaco ,,,hex,,,,1592,,,,,,,czaplaBibeleposFruehenNeuzeit2013,,,,,,,,,,,,,,,,,
Andreas Calagius,,,,,,,,,,,,Biblis ,,,hex,,,,1595,,,,,,,czaplaBibeleposFruehenNeuzeit2013,,,,,,,,,,,,,,,,,
Michael Gothus,,,,,,,,,,,,Cosmopoeia ,,,hex,,,,1601,,,,,,,czaplaBibeleposFruehenNeuzeit2013,,,,,,,,,,,,,,,,,
Johann Starcke,,,,,,,,,,,,Josephi Israelitae historia ,,,hex,,,,1609,,,,,,,czaplaBibeleposFruehenNeuzeit2013,,,,,,,,,,,,,,,,,
Joâo de Mello e Sousa,,,,,,,,,,,,De reparatione humana ,,,hex,,,,1615,,,,,,,czaplaBibeleposFruehenNeuzeit2013,,,,,,,,,,,,,,,,,
Venceslaus Clemens,,,,,,,,,,,,Rachel ,,,hex,,,,1618,,,,,,,czaplaBibeleposFruehenNeuzeit2013,,,,,,,,,,,,,,,,,
Andrew Ramsay,,,,,,,,,,,,Poemata sacra ,,,hex,,,,1633,,,,,,,czaplaBibeleposFruehenNeuzeit2013,,,,,,,,,,,,,,,,,
Caspar Barlaeus,,,,,,,,,,,,Paradisus ,,,hex,,,,1655,,,,,,,czaplaBibeleposFruehenNeuzeit2013,,,,,,,,,,,,,,,,,
William Hog,,,,,,,,,,,,Paraphrasis poetica im Miltoni poemata ,,,hex,,,,1690,,,,,,,czaplaBibeleposFruehenNeuzeit2013,,,,,,,,,,,,,,,,,
Johann Jakob Bodmer,,,,,,,,,,,,Jacob und Joseph ,,,hex,,,,1751,,,,,,,czaplaBibeleposFruehenNeuzeit2013,,,,,,,,,,,,,,,,,
Christian Nikolaus Naumann,,,,,,,,,,,,Nimrod ,,,hex,,,,1751,,,,,,,czaplaBibeleposFruehenNeuzeit2013,,,,,,,,,,,,,,,,,
Christoph Martin Wieland,,,,,,,,,,,,Der gepryfte Abraham ,,,hex,,,,1753,,,,,,,czaplaBibeleposFruehenNeuzeit2013,,,,,,,,,,,,,,,,,
Matthias von Schulenburg,,,,,,,,,,,,Josephus ,,,hex,,,,1755,,,,,,,czaplaBibeleposFruehenNeuzeit2013,,,,,,,,,,,,,,,,,
Johann Caspar Lavater,,,,,,,,,,,,Adam ,,,hex,,,,1779,,,,,,,czaplaBibeleposFruehenNeuzeit2013,,,,,,,,,,,,,,,,,
Andreas Möller,,,,,,,,,,,,Carmen de sancto paschate ,,,hex,,,,1573,,,,,,,czaplaBibeleposFruehenNeuzeit2013,,,,,,,,,,,,,,,,,
Melchior Neofanius ,,,,,,,,,,,,Monarchias ,,,hex,,,,1589,,,,,,,czaplaBibeleposFruehenNeuzeit2013,,,,,,,,,,,,,,,,,
Heinrich Goedeke,,,,,,,,,,,,Israelitarum ex Aegypto egressus ,,,hex,,,,1602,,,,,,,czaplaBibeleposFruehenNeuzeit2013,,,,,,,,,,,,,,,,,
Urban Thimius,,,,,,,,,,,,Typus dumi ardentis ,,,hex,,,,1604,,,,,,,czaplaBibeleposFruehenNeuzeit2013,,,,,,,,,,,,,,,,,
Antoine Millieu,,,,,,,,,,,,Moyses viator ,,,hex,,,,1636,,,,,,,czaplaBibeleposFruehenNeuzeit2013,,,,,,,,,,,,,,,,,
Henricus Iunius,,,,,,,,,,,,Serpens aeneus ,,,hex,,,,1605,,,,,,,czaplaBibeleposFruehenNeuzeit2013,,,,,,,,,,,,,,,,,
Urbanus Timaeus,,,,,,,,,,,,Typus aenei serpentis ,,,hex,,,,1607,,,,,,,czaplaBibeleposFruehenNeuzeit2013,,,,,,,,,,,,,,,,,
Caspar Sturm,,,,,,,,,,,,Bellorum Josuae ,,,hex,,,,1621,,,,,,,czaplaBibeleposFruehenNeuzeit2013,,,,,,,,,,,,,,,,,
Johannes Major,,,,,,,,,,,,Simson ,,,hex,,,,1555,,,,,,,czaplaBibeleposFruehenNeuzeit2013,,,,,,,,,,,,,,,,,
Lucas Schubboeus,,,,,,,,,,,,Historia Gedeonis ,,,hex,,,,1569,,,,,,,czaplaBibeleposFruehenNeuzeit2013,,,,,,,,,,,,,,,,,
Henricus Temmius,,,,,,,,,,,,Gedeomachia ,,,hex,,,,1577,,,,,,,czaplaBibeleposFruehenNeuzeit2013,,,,,,,,,,,,,,,,,
Johann Aahl,,,,,,,,,,,,De Simsone heroe ,,,hex,,,,1578,,,,,,,czaplaBibeleposFruehenNeuzeit2013,,,,,,,,,,,,,,,,,
Johannes Bisselius S. J.,,,,,,,,,,,,Ruthae spicilegae residuum ,,,hex,,,,1644,,,,,,,czaplaBibeleposFruehenNeuzeit2013,,,,,,,,,,,,,,,,,
Marcus Marulus,,,,,,,,,,,,Davidias ,,,hex,,,,1504,,,,,,,czaplaBibeleposFruehenNeuzeit2013,,,,,,,,,,,,,,,,,
Rudolf Gwalther,,,,,,,,,,,,Monomachia Davidis et Goliae ,,,hex,,,,1541,,,,,,,czaplaBibeleposFruehenNeuzeit2013,,,,,,,,,,,,,,,,,
Abraham Loescher,,,,,,,,,,,,Davidis et Goliae Monomachia ,,,hex,,,,1551,,,,,,,czaplaBibeleposFruehenNeuzeit2013,,,,,,,,,,,,,,,,,
Hieronymus Osius,,,,,,,,,,,,Historia regum Israelitarum ,,,hex,,,,1559,,,,,,,czaplaBibeleposFruehenNeuzeit2013,,,,,,,,,,,,,,,,,
Hieronymus Osius,,,,,,,,,,,,Duo libri Samuelis ,,,hex,,,,1559,,,,,,,czaplaBibeleposFruehenNeuzeit2013,,,,,,,,,,,,,,,,,
Caspar Schütz,,,,,,,,,,,,Fuga Absolonis ,,,hex,,,,1561,,,,,,,czaplaBibeleposFruehenNeuzeit2013,,,,,,,,,,,,,,,,,
Bartholomaeus Botta,,,,,,,,,,,,Davidias ,,,hex,,,,1573,,,,,,,czaplaBibeleposFruehenNeuzeit2013,,,,,,,,,,,,,,,,,
Christoph Gruner,,,,,,,,,,,,Pseudologia Satanae ,,,hex,,,,1578,,,,,,,czaplaBibeleposFruehenNeuzeit2013,,,,,,,,,,,,,,,,,
Heinrich Meibom,,,,,,,,,,,,Cento vergilianus de Monomachia Davidis et Goliathi ,,,hex,,,,1580,,,,,,,czaplaBibeleposFruehenNeuzeit2013,,,,,,,,,,,,,,,,,
Otto Diricus,,,,,,,,,,,,Monomachia Davidis et Goliathi ,,,hex,,,,1584,,,,,,,czaplaBibeleposFruehenNeuzeit2013,,,,,,,,,,,,,,,,,
Hermannus a Burgundia,,,,,,,,,,,,Davidis adulterium ,,,hex,,,,1586,,,,,,,czaplaBibeleposFruehenNeuzeit2013,,,,,,,,,,,,,,,,,
Gilbert Filhol / Thomas de Rochefort,,,,,,,,,,,,Sacra regum historia ,,,hex,,,,1587,,,,,,,czaplaBibeleposFruehenNeuzeit2013,,,,,,,,,,,,,,,,,
Bonaventura Stabile,,,,,,,,,,,,David assumptus in regem ,,,hex,,,,1615,,,,,,,czaplaBibeleposFruehenNeuzeit2013,,,,,,,,,,,,,,,,,
Gerhard Frost,,,,,,,,,,,,Monomachia Davidis cum Goliathe ,,,hex,,,,1620,,,,,,,czaplaBibeleposFruehenNeuzeit2013,,,,,,,,,,,,,,,,,
Christoph Fürgang,,,,,,,,,,,,Elias propheta exul ,,,hex,,,,1628,,,,,,,czaplaBibeleposFruehenNeuzeit2013,,,,,,,,,,,,,,,,,
Abraham Cowley,Q329896,,,,,,,,,,,Davideis ,,,hex,,,,1656,,,,,,,czaplaBibeleposFruehenNeuzeit2013,,,,,,,MaCN43NAqNcC,p. 367-406,,,,,,,,,
Thomas Ellwood,,,,,,,,,,,,Davideis ,,,hex,,,,1712,,,,,,,czaplaBibeleposFruehenNeuzeit2013,,,,,,,,,,,,,,,,,
Johann Zorn,,,,,,,,,,,,Historiae Tobiae et Susannae ,,,hex,,,,1565,,,,,,,czaplaBibeleposFruehenNeuzeit2013,,,,,,,,,,,,,,,,,
Johannes Nolte,,,,,,,,,,,,Liber Tobiae ,,,hex,,,,1708,,,,,,,czaplaBibeleposFruehenNeuzeit2013,,,,,,,,,,,,,,,,,
Johann Friedrich von Meyer,,,,,,,,,,,,Tobias ,,,hex,,,,1800,,,,,,,czaplaBibeleposFruehenNeuzeit2013,,,,,,,,,,,,,,,,,
Johann Peter Lotichius,,,,,,,,,,,,Holofernes ,,,hex,,,,1625,,,,,,,czaplaBibeleposFruehenNeuzeit2013,,,,,,,,,,,,,,,,,
Ioannes Philippus Vollockius,,,,,,,,,,,,Esther ,,,hex,,,,1598,,,,,,,czaplaBibeleposFruehenNeuzeit2013,,,,,,,,,,,,,,,,,
Johann Conrad Rhumel,Q60845373,,,,,,,,,,,Estherae liber unus ,,,hex,,,,1622,,,,,,,czaplaBibeleposFruehenNeuzeit2013,,,,,,,,,,,,,,,,,
Andreas Möller,,,,,,,,,,,,Caput septimum libri secundi Mahcabaeorum ,,,hex,,,,1573,,,,,,,czaplaBibeleposFruehenNeuzeit2013,,,,,,,,,,,,,,,,,
Heinrich Walter,,,,,,,,,,,,Iudas Maccabaeus ,,,hex,,,,1604,,,,,,,czaplaBibeleposFruehenNeuzeit2013,,,,,,,,,,,,,,,,,
François Bonade,,,,,,,,,,,,Regia Davidis oracula ,,,hex,,,,1531,,,,,,,czaplaBibeleposFruehenNeuzeit2013,,,,,,,,,,,,,,,,,
Johannes Stigelius,,,,,,,,,,,,Psalmus quinquagesimus ,,,hex,,,,1547,,,,,,,czaplaBibeleposFruehenNeuzeit2013,,,,,,,,,,,,,,,,,
Vincentius Zeddinus,,,,,,,,,,,,Nonagesimus quartus psalmus ,,,hex,,,,1551,,,,,,,czaplaBibeleposFruehenNeuzeit2013,,,,,,,,,,,,,,,,,
Jacobus Latomus,,,,,,,,,,,,Psalmi Davidici triginta ,,,hex,,,,1555,,,,,,,czaplaBibeleposFruehenNeuzeit2013,,,,,,,,,,,,,,,,,
Josephus Wurtzlerus,,,,,,,,,,,,Psalmi aliquot Davidis ,,,hex,,,,1556,,,,,,,czaplaBibeleposFruehenNeuzeit2013,,,,,,,,,,,,,,,,,
Antonius Flaminius,,,,,,,,,,,,Davidis Psalmi ,,,hex,,,,1558,,,,,,,czaplaBibeleposFruehenNeuzeit2013,,,,,,,,,,,,,,,,,
George Buchanan,,,,,,,,,,,,Paraphrasis psalmorum ,,,hex,,,,1566,,,,,,,czaplaBibeleposFruehenNeuzeit2013,,,,,,,,,,,,,,,,,
Johannes Major,,,,,,,,,,,,Specimen versionis psalmorum Davidis ,,,hex,,,,1566,,,,,,,czaplaBibeleposFruehenNeuzeit2013,,,,,,,,,,,,,,,,,
Arnoldus Suiderus,,,,,,,,,,,,In psalmum tertium varia metra ,,,hex,,,,1566,,,,,,,czaplaBibeleposFruehenNeuzeit2013,,,,,,,,,,,,,,,,,
Benedictus Couppius,,,,,,,,,,,,Psalmi Davidis tres ,,,hex,,,,1567,,,,,,,czaplaBibeleposFruehenNeuzeit2013,,,,,,,,,,,,,,,,,
Melchior Weigler,,,,,,,,,,,,Psalmus CXVIII. carmine heroico redditus ,,,hex,,,,1569,,,,,,,czaplaBibeleposFruehenNeuzeit2013,,,,,,,,,,,,,,,,,
Jacobus Latomus,,,,,,,,,,,,Psalmi Davidis centum ,,,hex,,,,1572,,,,,,,czaplaBibeleposFruehenNeuzeit2013,,,,,,,,,,,,,,,,,
Johannes Matthaeus,,,,,,,,,,,,Psalmi Davidis ,,,hex,,,,1576,,,,,,,czaplaBibeleposFruehenNeuzeit2013,,,,,,,,,,,,,,,,,
Johannes Major,,,,,,,,,,,,In Psalmos Davidis paraphrasis ,,,hex,,,,1574,,,,,,,czaplaBibeleposFruehenNeuzeit2013,,,,,,,,,,,,,,,,,
Friedrich Widebram,,,,,,,,,,,,Psalterium Davidis ,,,hex,,,,1579,,,,,,,czaplaBibeleposFruehenNeuzeit2013,,,,,,,,,,,,,,,,,
Bartholomaeus Botta,,,,,,,,,,,,Psalmi Davidis ,,,hex,,,,1581,,,,,,,czaplaBibeleposFruehenNeuzeit2013,,,,,,,,,,,,,,,,,
Aemilius Portus,,,,,,,,,,,,Omnes Davidis Psalmi ,,,hex,,,,1581,,,,,,,czaplaBibeleposFruehenNeuzeit2013,,,,,,,,,,,,,,,,,
Johannes Praetorius,,,,,,,,,,,,Psalmus XC ,,,hex,,,,1586,,,,,,,czaplaBibeleposFruehenNeuzeit2013,,,,,,,,,,,,,,,,,
Jacobus Latomus,,,,,,,,,,,,Davidis psalmi omnes ,,,hex,,,,1587,,,,,,,czaplaBibeleposFruehenNeuzeit2013,,,,,,,,,,,,,,,,,
Petrus Bellaeus,,,,,,,,,,,,Psalmus Davidis CXIX. hexametro paraphrasticôs expressus ,,,hex,,,,1590,,,,,,,czaplaBibeleposFruehenNeuzeit2013,,,,,,,,,,,,,,,,,
Christian Egenolff,,,,,,,,,,,,Psalmi Davidis ,,,hex,,,,1597,,,,,,,czaplaBibeleposFruehenNeuzeit2013,,,,,,,,,,,,,,,,,
Benedictus Figulus,,,,,,,,,,,,Psalmi CXIX paraphrasis ,,,hex,,,,1602,,,,,,,czaplaBibeleposFruehenNeuzeit2013,,,,,,,,,,,,,,,,,
Friedrich Taubmann,,,,,,,,,,,,Psalmus CIII. ,,,hex,,,,1613,,,,,,,czaplaBibeleposFruehenNeuzeit2013,,,,,,,,,,,,,,,,,
Georg Konrad Maickler,Q1503982,,,,,,,,,,,Threni Davidici ,,,hex,,,,1628,,,,,,,czaplaBibeleposFruehenNeuzeit2013,,,,,,,,,,,,,,,,,
Jeremias Hölzlin,,,,,,,,,,,,Psalmorum Paraphrasis ,,,hex,,,,1630,,,,,,,czaplaBibeleposFruehenNeuzeit2013,,,,,,,,,,,,,,,,,
Georg Konrad Maickler,Q1503982,,,,,,,,,,,Psalmi et precationes ,,,hex,,,,1635,,,,,,,czaplaBibeleposFruehenNeuzeit2013,,,,,,,,,,,,,,,,,
Georg Konrad Maickler,Q1503982,,,,,,,,,,,Psalmi quidam ,,,hex,,,,1643,,,,,,,czaplaBibeleposFruehenNeuzeit2013,,,,,,,,,,,,,,,,,
Laurent Le Brun,,,,,,,,,,,,David poenitens ,,,hex,,,,1653,,,,,,,czaplaBibeleposFruehenNeuzeit2013,,,,,,,,,,,,,,,,,
Joâo de Mello e Sousa,,,,,,,,,,,,In librum Job paraphrasis poetica ,,,hex,,,,1615,,,,,,,czaplaBibeleposFruehenNeuzeit2013,,,,,,,,,,,,,,,,,
Franziskus Vavasseur,,,,,,,,,,,,Jobus ,,,hex,,,,1638,,,,,,,czaplaBibeleposFruehenNeuzeit2013,,,,,,,,,,,,,,,,,
William Hog,,,,,,,,,,,,Paraphrasis poetica in Iobum ,,,hex,,,,1682,,,,,,,czaplaBibeleposFruehenNeuzeit2013,,,,,,,,,,,,,,,,,
Christoph Friedrich Timaeus,,,,,,,,,,,,Iobi Paraphrasis poetica ,,,hex,,,,1668,,,,,,,czaplaBibeleposFruehenNeuzeit2013,,,,,,,,,,,,,,,,,
Eobanus Hessus,,,,,,,,,,,,Salomonis Proverbia ,,,hex,,,,1538,,,,,,,czaplaBibeleposFruehenNeuzeit2013,,,,,,,,,,,,,,,,,
Alvarus Gomes ,,,,,,,,,,,,Solomonis proverbia ,,,hex,,,,1538,,,,,,,czaplaBibeleposFruehenNeuzeit2013,,,,,,,,,,,,,,,,,
Aegidius Synegorus,,,,,,,,,,,,Proverbia Salomonis ,,,hex,,,,1548,,,,,,,czaplaBibeleposFruehenNeuzeit2013,,,,,,,,,,,,,,,,,
Hartmann Schopper,,,,,,,,,,,,Liber Proverbiorvm Salomonis ,,,hex,,,,1565,,,,,,,czaplaBibeleposFruehenNeuzeit2013,,,,,,,,,,,,,,,,,
Friedrich Dedekind,,,,,,,,,,,,Liber proverbiorum Salomonis ,,,hex,,,,1547,,,,,,,czaplaBibeleposFruehenNeuzeit2013,,,,,,,,,,,,,,,,,
Pantaleon Candidus,,,,,,,,,,,,In Proverbia Salomonis paraphrases ,,,hex,,,,1578,,,,,,,czaplaBibeleposFruehenNeuzeit2013,,,,,,,,,,,,,,,,,
Pantaleon Candidus,,,,,,,,,,,,Liber Proverbiorum carmine redditus ,,,hex,,,,1588,,,,,,,czaplaBibeleposFruehenNeuzeit2013,,,,,,,,,,,,,,,,,
Christian Egenolff,,,,,,,,,,,,Proverbia Salomonis ,,,hex,,,,1597,,,,,,,czaplaBibeleposFruehenNeuzeit2013,,,,,,,,,,,,,,,,,
Rudolph Lehmann,,,,,,,,,,,,Ethica Christiana ,,,hex,,,,1608,,,,,,,czaplaBibeleposFruehenNeuzeit2013,,,,,,,,,,,,,,,,,
Martin Nessel,,,,,,,,,,,,Proverbia Salomonis ,,,hex,,,,1653,,,,,,,czaplaBibeleposFruehenNeuzeit2013,,,,,,,,,,,,,,,,,
Joachim Breithaupt,,,,,,,,,,,,Salomonis proverbia ,,,hex,,,,1717,,,,,,,czaplaBibeleposFruehenNeuzeit2013,,,,,,,,,,,,,,,,,
Caspar Schütz,,,,,,,,,,,,Ecclesiastes Salomonis ,,,hex,,,,1580,,,,,,,czaplaBibeleposFruehenNeuzeit2013,,,,,,,,,,,,,,,,,
Jacobus Lectius ,,,,,,,,,,,,Ecclesiastes Salomonis ,,,hex,,,,1588,,,,,,,czaplaBibeleposFruehenNeuzeit2013,,,,,,,,,,,,,,,,,
Jacobus Augustus Thuanus ,,,,,,,,,,,,Ecclesiastes ,,,hex,,,,1592,,,,,,,czaplaBibeleposFruehenNeuzeit2013,,,,,,,,,,,,,,,,,
Samuel Gloner,,,,,,,,,,,,Ecclesiastes Salomonis ,,,hex,,,,1626,,,,,,,czaplaBibeleposFruehenNeuzeit2013,,,,,,,,,,,,,,,,,
Laurent Le Brun,,,,,,,,,,,,Ecclesiastes Salomonis ,,,hex,,,,1653,,,,,,,czaplaBibeleposFruehenNeuzeit2013,,,,,,,,,,,,,,,,,
Johannes Maurus ,,,,,,,,,,,,Theatrum vanitatis ,,,hex,,,,1646,,,,,,,czaplaBibeleposFruehenNeuzeit2013,,,,,,,,,,,,,,,,,
William Hog,,,,,,,,,,,,Satyra sacra in vanitatem mundi ,,,hex,,,,1685,,,,,,,czaplaBibeleposFruehenNeuzeit2013,,,,,,,,,,,,,,,,,
Christian Egenolff,,,,,,,,,,,,Canticum canticorum ,,,hex,,,,1574,,,,,,,czaplaBibeleposFruehenNeuzeit2013,,,,,,,,,,,,,,,,,
Franciscus Moncaeus ,,,,,,,,,,,,Sacra bucolica ,,,hex,,,,1587,,,,,,,czaplaBibeleposFruehenNeuzeit2013,,,,,,,,,,,,,,,,,
Petrus Bellaeus,,,,,,,,,,,,Poetica paraphrasis Cantici canticorum ,,,hex,,,,1590,,,,,,,czaplaBibeleposFruehenNeuzeit2013,,,,,,,,,,,,,,,,,
Tobias Trachelius,,,,,,,,,,,,Sulamitha ,,,hex,,,,1594,,,,,,,czaplaBibeleposFruehenNeuzeit2013,,,,,,,,,,,,,,,,,
Johann Conrad Rhumel,Q60845373,,,,,,,,,,,Canticum Canticorum ,,,hex,,,,1621,,,,,,,czaplaBibeleposFruehenNeuzeit2013,,,,,,,,,,,,,,,,,
Samuel Gloner,,,,,,,,,,,,Canticum Canticorum Salomonis ,,,hex,,,,1627,,,,,,,czaplaBibeleposFruehenNeuzeit2013,,,,,,,,,,,,,,,,,
Martin Nessel,,,,,,,,,,,,Theatrum amoris ,,,hex,,,,1649,,,,,,,czaplaBibeleposFruehenNeuzeit2013,,,,,,,,,,,,,,,,,
Johann Conrad Rhumel,Q60845373,,,,,,,,,,,Solomontos sophia ,,,hex,,,,1615,,,,,,,czaplaBibeleposFruehenNeuzeit2013,,,,,,,,,,,,,,,,,
Johann Lorich,,,,,,,,,,,,Ecclesiasticus ,,,hex,,,,1544,,,,,,,czaplaBibeleposFruehenNeuzeit2013,,,,,,,,,,,,,,,,,
Johann Seckerwitz,,,,,,,,,,,,Iesu Syraci liber ,,,hex,,,,1556,,,,,,,czaplaBibeleposFruehenNeuzeit2013,,,,,,,,,,,,,,,,,
Michael Hempel,,,,,,,,,,,,Siracidis XXXIX. caput ,,,hex,,,,1557,,,,,,,czaplaBibeleposFruehenNeuzeit2013,,,,,,,,,,,,,,,,,
Martin Nessel,,,,,,,,,,,,Sapientiae Jesu Siracidae liber ,,,hex,,,,1654,,,,,,,czaplaBibeleposFruehenNeuzeit2013,,,,,,,,,,,,,,,,,
Konrad @Rittershausen,,,,,,Jacques Auguste de @Thou,,,,,,"As Fatidicus, Sive Duodecim Prophetae Minores ",,,hex,,,,1604,,,,,,,czaplaBibeleposFruehenNeuzeit2013,,,,,urn:nbn:de:bvb:12-bsb11103318-7 ,http://mdz-nbn-resolving.de/urn:nbn:de:bvb:12-bsb11103318-7,,,,,,,,,,,
Andreas Ellinger,,,,,,,,,,,,Paraphrasis poetica in caput LIII. Esaisae ,,,hex,,,,1572,,,,,,,czaplaBibeleposFruehenNeuzeit2013,,,,,,,,,,,,,,,,,
Christoph Gruner,,,,,,,,,,,,Paraphrasis in LIII. caput Esaiae Prophetae ,,,hex,,,,1579,,,,,,,czaplaBibeleposFruehenNeuzeit2013,,,,,,,,,,,,,,,,,
Petrus Bellaeus,,,,,,,,,,,,Caput Isaiae LIII. ,,,hex,,,,1590,,,,,,,czaplaBibeleposFruehenNeuzeit2013,,,,,,,,,,,,,,,,,
Jean Charpentier,,,,,,,,,,,,In vaticinia Iesaiae prophetae paraphrasis ,,,hex,,,,1586,,,,,,,czaplaBibeleposFruehenNeuzeit2013,,,,,,,,,,,,,,,,,
Vitus Wolffrum,,,,,,,,,,,,Paraphrasis capitis Esaiae LIII. ,,,hex,,,,1587,,,,,,,czaplaBibeleposFruehenNeuzeit2013,,,,,,,,,,,,,,,,,
Francus Ducatius,,,,,,,,,,,,Iehovae oraculum ,,,hex,,,,1591,,,,,,,czaplaBibeleposFruehenNeuzeit2013,,,,,,,,,,,,,,,,,
Heinrich Meibom,,,,,,,,,,,,Concio prophetae Esaiae ,,,hex,,,,1595,,,,,,,czaplaBibeleposFruehenNeuzeit2013,,,,,,,,,,,,,,,,,
Balthasar Franck,,,,,,,,,,,,Puer admirabilis ,,,hex,,,,1594,,,,,,,czaplaBibeleposFruehenNeuzeit2013,,,,,,,,,,,,,,,,,
Hiob Giant,,,,,,,,,,,,Simplex paraphrasis LIII. caput prophetae Esaiae ,,,hex,,,,1600,,,,,,,czaplaBibeleposFruehenNeuzeit2013,,,,,,,,,,,,,,,,,
Abraham Loescher,,,,,,,,,,,,Threni ,,,hex,,,,1551,,,,,,,czaplaBibeleposFruehenNeuzeit2013,,,,,,,,,,,,,,,,,
Nikolaus Selnecker,,,,,,,,,,,,Threni ,,,hex,,,,1553,,,,,,,czaplaBibeleposFruehenNeuzeit2013,,,,,,,,,,,,,,,,,
Johannes Corverus,,,,,,,,,,,,Lamentationes Hieremiae ,,,hex,,,,1566,,,,,,,czaplaBibeleposFruehenNeuzeit2013,,,,,,,,,,,,,,,,,
Wolfgang Finckelthaus,,,,,,,,,,,,Jeremiae threnoi ,,,hex,,,,1571,,,,,,,czaplaBibeleposFruehenNeuzeit2013,,,,,,,,,,,,,,,,,
Jacobus Latomus,,,,,,,,,,,,Jeremiae threni ,,,hex,,,,1587,,,,,,,czaplaBibeleposFruehenNeuzeit2013,,,,,,,,,,,,,,,,,
Jacobus Augustus Thuanus ,,,,,,,,,,,,Threni Ieremiae ,,,hex,,,,1588,,,,,,,czaplaBibeleposFruehenNeuzeit2013,,,,,,,,,,,,,,,,,
Christian Egenolff,,,,,,,,,,,,Threni Jeremiae ,,,hex,,,,1603,,,,,,,czaplaBibeleposFruehenNeuzeit2013,,,,,,,,,,,,,,,,,
Georg Grundmann,,,,,,,,,,,,Carmen asserens dictum Ierem. 10 ,,,hex,,,,1606,,,,,,,czaplaBibeleposFruehenNeuzeit2013,,,,,,,,,,,,,,,,,
Patrick Adamson,,,,,,,,,,,,Threni ,,,hex,,,,1618,,,,,,,czaplaBibeleposFruehenNeuzeit2013,,,,,,,,,,,,,,,,,
Johann Conrad Rhumel,Q60845373,,,,,,,,,,,Lamentationes Jirmeiae ,,,hex,,,,1625,,,,,,,czaplaBibeleposFruehenNeuzeit2013,,,,,,,,,,,,,,,,,
Georg Conrad Maickler,Q1503982,,,,,,,,,,,Threni ,,,hex,,,,1646,,,,,,,czaplaBibeleposFruehenNeuzeit2013,,,,,,,,,,,,,,,,,
Martin Nessel,,,,,,,,,,,,Threni ,,,hex,,,,1646,,,,,,,czaplaBibeleposFruehenNeuzeit2013,,,,,,,,,,,,,,,,,
Johann Zorn,,,,,,,,,,,,Historiae Tobiae et Susannae ,,,hex,,,,1565,,,,,,,czaplaBibeleposFruehenNeuzeit2013,,,,,,,,,,,,,,,,,
Jeremias Woinovius,,,,,,,,,,,,Historia Susannae ,,,hex,,,,1567,,,,,,,czaplaBibeleposFruehenNeuzeit2013,,,,,,,,,,,,,,,,,
Matthaeus Gothus,,,,,,,,,,,,Paraphrasis historiae Danielis Prophetae ,,,hex,,,,1573,,,,,,,czaplaBibeleposFruehenNeuzeit2013,,,,,,,,,,,,,,,,,
Andreas Möller,,,,,,,,,,,,Narratio de defensa Susannae pudicitia ,,,hex,,,,1575,,,,,,,czaplaBibeleposFruehenNeuzeit2013,,,,,,,,,,,,,,,,,
Johann Conrad Rhumel,Q60845373,,,,,,,,,,,Daniel ,,,hex,,,,1616,,,,,,,czaplaBibeleposFruehenNeuzeit2013,,,,,,,,,,,,,,,,,
Georg Konrad Maickler,Q1503982,,,,,,,,,,,Historia Sacra Susannae ,,,hex,,,,1635,,,,,,,czaplaBibeleposFruehenNeuzeit2013,,,,,,,,,,,,,,,,,
Johann Conrad Rhumel,Q60845373,,,,,,,,,,,Hoscheah ,,,hex,,,,1617,,,,,,,czaplaBibeleposFruehenNeuzeit2013,,,,,,,,,,,,,,,,,
Johann Holtheuser,,,,,,,,,,,,Joel propheta ,,,hex,,,,1558,,,,,,,czaplaBibeleposFruehenNeuzeit2013,,,,,,,,,,,,,,,,,
Johann Stigel,,,,,,,,,,,,Concio Iohelis prophetae ,,,hex,,,,1566,,,,,,,czaplaBibeleposFruehenNeuzeit2013,,,,,,,,,,,,,,,,,
Johann Conrad Rhumel,Q60845373,,,,,,,,,,,Joel ,,,hex,,,,1604,,,,,,,czaplaBibeleposFruehenNeuzeit2013,,,,,,,,,,,,,,,,,
Theodor Reysmann,,,,,,,,,,,,Amos propheta carmine translatus ,,,hex,,,,1544,,,,,,,czaplaBibeleposFruehenNeuzeit2013,,,,,,,,,,,,,,,,,
Johann Conrad Rhumel,Q60845373,,,,,,,,,,,Hamos ,,,hex,,,,1605,,,,,,,czaplaBibeleposFruehenNeuzeit2013,,,,,,,,,,,,,,,,,
Johann Conrad Rhumel,Q60845373,,,,,,,,,,,Hobadias ,,,hex,,,,1604,,,,,,,czaplaBibeleposFruehenNeuzeit2013,,,,,,,,,,,,,,,,,
Sebastianus Castalio ,,,,,,,,,,,,Jonas Propheta ,,,hex,,,,1545,,,,,,,czaplaBibeleposFruehenNeuzeit2013,,,,,,,,,,,,,,,,,
Christian Pierius,,,,,,,,,,,,Ionas propheta ,,,hex,,,,1555,,,,,,,czaplaBibeleposFruehenNeuzeit2013,,,,,,,,,,,,,,,,,
Johann Thollinger,,,,,,,,,,,,Ionas Propheta ,,,hex,,,,1557,,,,,,,czaplaBibeleposFruehenNeuzeit2013,,,,,,,,,,,,,,,,,
Benedictus Thaurerus,,,,,,,,,,,,Historia prophetae Ionae ,,,hex,,,,1566,,,,,,,czaplaBibeleposFruehenNeuzeit2013,,,,,,,,,,,,,,,,,
Paulus Siberus,,,,,,,,,,,,Ionas Propheta ,,,hex,,,,1565,,,,,,,czaplaBibeleposFruehenNeuzeit2013,,,,,,,,,,,,,,,,,
Georgius Cocus,,,,,,,,,,,,Ionas Propheta ,,,hex,,,,1567,,,,,,,czaplaBibeleposFruehenNeuzeit2013,,,,,,,,,,,,,,,,,
Matthäus Hein,,,,,,,,,,,,Jonas ,,,hex,,,,1570,,,,,,,czaplaBibeleposFruehenNeuzeit2013,,,,,,,,,,,,,,,,,
Thomas Schönfeld,,,,,,,,,,,,Prophetia Jonae ,,,hex,,,,1582,,,,,,,czaplaBibeleposFruehenNeuzeit2013,,,,,,,,,,,,,,,,,
Jacobus Lectius ,,,,,,,,,,,,Ionah ,,,hex,,,,1597,,,,,,,czaplaBibeleposFruehenNeuzeit2013,,,,,,,,,,,,,,,,,
Johann Conrad Rhumel,Q60845373,,,,,,,,,,,Jonas ,,,hex,,,,1604,,,,,,,czaplaBibeleposFruehenNeuzeit2013,,,,,,,,,,,,,,,,,
Isaak Gregorius,,,,,,,,,,,,Ionae historia ,,,hex,,,,1613,,,,,,,czaplaBibeleposFruehenNeuzeit2013,,,,,,,,,,,,,,,,,
Johannes Kunckel,,,,,,,,,,,,Jonas propheta ,,,hex,,,,1619,,,,,,,czaplaBibeleposFruehenNeuzeit2013,,,,,,,,,,,,,,,,,
Johann Conrad Rhumel,Q60845373,,,,,,,,,,,Michas ,,,hex,,,,1604,,,,,,,czaplaBibeleposFruehenNeuzeit2013,,,,,,,,,,,,,,,,,
Johann Zindler,,,,,,,,,,,,Micheas propheta ,,,hex,,,,1606,,,,,,,czaplaBibeleposFruehenNeuzeit2013,,,,,,,,,,,,,,,,,
Sebastianus Solidus,,,,,,,,,,,,Nahum propheta ,,,hex,,,,1549,,,,,,,czaplaBibeleposFruehenNeuzeit2013,,,,,,,,,,,,,,,,,
Johann Conrad Rhumel,Q60845373,,,,,,,,,,,Nachum ,,,hex,,,,1606,,,,,,,czaplaBibeleposFruehenNeuzeit2013,,,,,,,,,,,,,,,,,
Johann Conrad Rhumel,Q60845373,,,,,,,,,,,Chabakukus ,,,hex,,,,1612,,,,,,,czaplaBibeleposFruehenNeuzeit2013,,,,,,,,,,,,,,,,,
Johann Conrad Rhumel,Q60845373,,,,,,,,,,,Chaggajus Babylonius ,,,hex,,,,1624,,,,,,,czaplaBibeleposFruehenNeuzeit2013,,,,,,,,,,,,,,,,,
Johann Conrad Rhumel,Q60845373,,,,,,,,,,,Zacharias ,,,hex,,,,1618,,,,,,,czaplaBibeleposFruehenNeuzeit2013,,,,,,,,,,,,,,,,,
Hieronymus Osius,,,,,,,,,,,,Malachias propheta ,,,hex,,,,1559,,,,,,,czaplaBibeleposFruehenNeuzeit2013,,,,,,,,,,,,,,,,,
Johann Conrad Rhumel,Q60845373,,,,,,,,,,,Maleacus ,,,hex,,,,1627,,,,,,,czaplaBibeleposFruehenNeuzeit2013,,,,,,,,,,,,,,,,,
Johann Conrad Rhumel,Q60845373,,,,,,,,,,,Tzephanias Sarabathides ,,,hex,,,,1623,,,,,,,czaplaBibeleposFruehenNeuzeit2013,,,,,,,,,,,,,,,,,
Hieronymus de Vallibus,,,,,,,,,,,,Jesuida ,,,hex,,,,1473,,,,,,,czaplaBibeleposFruehenNeuzeit2013,,,,,,,,,,,,,,,,,
Baptista Mantuanus,,,,,,,,,,,,Parthenice Mariana ,,,hex,,,,1488,,,,,,,czaplaBibeleposFruehenNeuzeit2013,,,,,,,,,,,,,,,,,
Boninus Mombritius,,,,,,,,,,,,De Dominica passione ,,,hex,,,,1499,,,,,,,czaplaBibeleposFruehenNeuzeit2013,,,,,,,,,,,,,,,,,
Jacob Locher,,,,,,,,,,,,Carmen de festo conceptionis Mariae ,,,hex,,,,1513,,,,,,,czaplaBibeleposFruehenNeuzeit2013,,,,,,,,,,,,,,,,,
Matthias Funck,,,,,,,,,,,,Genethlium virginis Mariae ,,,hex,,,,1513,,,,,,,czaplaBibeleposFruehenNeuzeit2013,,,,,,,,,,,,,,,,,
Riccardo @Sbruglio,Q2150502,,,,,,,,,,,Theocharis ,,,hex,,,,1514,,,,,,,czaplaBibeleposFruehenNeuzeit2013,,,,,,,,,,,,,,,,,
Battista Fiera,Q55227588,,,,,,,,,,,Evangelica historia sive de Deo homine ,4,,hex,,,,1522,,,,,,,czaplaBibeleposFruehenNeuzeit2013,,,,,,,,,,,,,,,,,
Jacopo @Sannazaro,Q510621,,,,,,,,,,,De partu virginis ,,,hex,Q51628,,,1526,,,,,,,czaplaBibeleposFruehenNeuzeit2013,,,,,,,,,,,,,,,,,
Jacobus Bonus,,,,,,,,,,,,De vita et gestis Christi ,,,hex,,,,1526,,,,,,,czaplaBibeleposFruehenNeuzeit2013,,,,,,,,,,,,,,,,,
Caesare Delfino,,,http://d-nb.info/gnd/1055509216,,,,,,,,,Marias ,,,hex,Q345,,,1534,,,,,,,czaplaBibeleposFruehenNeuzeit2013,,,,,,,,,,,,,,,,,
Petrus Rossetus,,,,,,,,,,,,Christus ,,,hex,,,,1534,,,,,,,czaplaBibeleposFruehenNeuzeit2013,,,,,,,,,,,,,,,,,
Johannes Spangenberg,,,,,,,,,,,,Evangelia Dominicalia ,,,hex,,,,1546,,,,,,,czaplaBibeleposFruehenNeuzeit2013,,,,,,,,,,,,,,,,,
Georg Oemler,,,,,,,,,,,,Evangelia heroico carmine reddita ,,,hex,,,,1549,,,,,,,czaplaBibeleposFruehenNeuzeit2013,,,,,,,,,,,,,,,,,
Henricus Husanus,,,,,,,,,,,,In natalem Ioannis Baptistae ,,,hex,,,,1554,,,,,,,czaplaBibeleposFruehenNeuzeit2013,,,,,,,,,,,,,,,,,
Henricus Husanus,,,,,,,,,,,,In natalem Christi ,,,hex,,,,1554,,,,,,,czaplaBibeleposFruehenNeuzeit2013,,,,,,,,,,,,,,,,,
Caspar Engelheupt,,,,,,,,,,,,Historia de natali Domini ,,,hex,,,,1557,,,,,,,czaplaBibeleposFruehenNeuzeit2013,,,,,,,,,,,,,,,,,
Martin Hosemann,,,,,,,,,,,,De mundi consummatione et iuditio extremo ,,,hex,,,,1557,,,,,,,czaplaBibeleposFruehenNeuzeit2013,,,,,,,,,,,,,,,,,
Vitus Jacobaeus,,,,,,,,,,,,Elegia de natali Christi scripta ,,,hex,,,,1557,,,,,,,czaplaBibeleposFruehenNeuzeit2013,,,,,,,,,,,,,,,,,
Johannes Ricardus,,,,,,,,,,,,Carmen in natalem Jesu Christi ,,,hex,,,,1557,,,,,,,czaplaBibeleposFruehenNeuzeit2013,,,,,,,,,,,,,,,,,
Adamus Closius,,,,,,,,,,,,Hortus Josephi Arimathii ,,,hex,,,,1559,,,,,,,czaplaBibeleposFruehenNeuzeit2013,,,,,,,,,,,,,,,,,
Johannes Major,,,,,,,,,,,,Pompa mortis ,,,hex,,,,1559,,,,,,,czaplaBibeleposFruehenNeuzeit2013,,,,,,,,,,,,,,,,,
Dominicus Mancinus,,,,,,,,,,,,De Domini nostri Jesu Christi passione ,,,hex,,,,1559,,,,,,,czaplaBibeleposFruehenNeuzeit2013,,,,,,,,,,,,,,,,,
Philippus Beroaldus,Q3071870,,,,,,,,,,,De Dominicae passionis die ,,,hex,,,,1559,,,,,,,czaplaBibeleposFruehenNeuzeit2013,,,,,,,,,,,,,,,,,
Heningus Conradinus,,,,,,,,,,,,Rivus Cedron ,,,hex,,,,1561,,,,,,,czaplaBibeleposFruehenNeuzeit2013,,,,,,,,,,,,,,,,,
Johannes Major,,,,,,,,,,,,Carmen in ascensionem Christi ,,,hex,,,,1563,,,,,,,czaplaBibeleposFruehenNeuzeit2013,,,,,,,,,,,,,,,,,
Matthias Bergius,,,,,,,,,,,,Iesu Christi baptismus ,,,hex,,,,1564,,,,,,,czaplaBibeleposFruehenNeuzeit2013,,,,,,,,,,,,,,,,,
Leopold Preyß,,,,,,,,,,,,Historia passionis et mortis Domini ,,,hex,,,,1565,,,,,,,czaplaBibeleposFruehenNeuzeit2013,,,,,,,,,,,,,,,,,
Friedrich @Dedekind,Q70830,,,,,,,,,,,Metamorphoses sacrae ,,,hex,,,,1565,,,,,,,czaplaBibeleposFruehenNeuzeit2013,,,,,,,,,,,,,,,,,
Johannes Buntschen,,,,,,,,,,,,De cymba Christi ,,,hex,,,,1566,,,,,,,czaplaBibeleposFruehenNeuzeit2013,,,,,,,,,,,,,,,,,
Elias Corvinus,,,,,,,,,,,,Vita Christi depicta in Iosepho ,,,hex,,,,1568,,,,,,,czaplaBibeleposFruehenNeuzeit2013,,,,,,,,,,,,,,,,,
Erasmus Johannes,,,,,,,,,,,,Carmen in honorem filii Dei incarnati ,,,hex,,,,1568,,,,,,,czaplaBibeleposFruehenNeuzeit2013,,,,,,,,,,,,,,,,,
Caspar Pridmann,,,,,,,,,,,,De veteri et nova pentecoste ,,,hex,,,,1568,,,,,,,czaplaBibeleposFruehenNeuzeit2013,,,,,,,,,,,,,,,,,
Conrad Schlüsselburg,,,,,,,,,,,,Genethlion ,,,hex,,,,1568,,,,,,,czaplaBibeleposFruehenNeuzeit2013,,,,,,,,,,,,,,,,,
Heinrich Müller,,,,,,,,,,,,Historia passionis Iesu Christi ,,,hex,,,,1569,,,,,,,czaplaBibeleposFruehenNeuzeit2013,,,,,,,,,,,,,,,,,
Christianus Emporius,,,,,,,,,,,,Staurosis ,,,hex,,,,1570,,,,,,,czaplaBibeleposFruehenNeuzeit2013,,,,,,,,,,,,,,,,,
Joachim Meister,,,,,,,,,,,,Nativitas Christi ,,,hex,Q51628,,,1571,,,,,,,czaplaBibeleposFruehenNeuzeit2013,,,,,,,,,,,,,,,,,
Matthaeus Gothus,,,,,,,,,,,,Historia vitae et doctrinae Iesu Christi ,,,hex,,,,1573,,,,,,,czaplaBibeleposFruehenNeuzeit2013,,,,,,,,,,,,,,,,,
Iustus Gigantaeus,,,,,,,,,,,,Historia de morte er cruce Iesu Christi ,,,hex,,,,1573,,,,,,,czaplaBibeleposFruehenNeuzeit2013,,,,,,,,,,,,,,,,,
Johann Soetefleisch,,,,,,,,,,,,De gloriosa Christi in coelos ascensione ,,,hex,,,,1573,,,,,,,czaplaBibeleposFruehenNeuzeit2013,,,,,,,,,,,,,,,,,
August Erich,,,,,,,,,,,,Carmen heroicum in gloriosam Iesu Christi resurrectionem ,,,hex,,,,1574,,,,,,,czaplaBibeleposFruehenNeuzeit2013,,,,,,,,,,,,,,,,,
Petrus Albinus ,,,,,,,,,,,,Olivetum Christi ,,,hex,,,,1575,,,,,,,czaplaBibeleposFruehenNeuzeit2013,,,,,,,,,,,,,,,,,
Georg Helm,,,,,,,,,,,,De resurrectione Jesu Christi ,,,hex,,,,1575,,,,,,,czaplaBibeleposFruehenNeuzeit2013,,,,,,,,,,,,,,,,,
Christian Pierius,,,,,,,,,,,,Christus crucifixus ,,,hex,,,,1576,,,,,,,czaplaBibeleposFruehenNeuzeit2013,,,,,,,,,,,,,,,,,
Laevinus Torrentius,,,,,,,,,,,,De cruento Domini sacrificio ,,,hex,,,,1575,,,,,,,czaplaBibeleposFruehenNeuzeit2013,,,,,,,,,,,,,,,,,
Johannes Georg Sadolinus,,,,,,,,,,,,In natalem Jesu Christi ,,,hex,Q51628,,,1576,,,,,,,czaplaBibeleposFruehenNeuzeit2013,,,,,,,,,,,,,,,,,
Hieronymus Reusner,,,,,,,,,,,,Genethlia ad cunas Christi ,,,hex,,,,1578,,,,,,,czaplaBibeleposFruehenNeuzeit2013,,,,,,,,,,,,,,,,,
Melchior Neofanius,,,,,,,,,,,,Historia passionis domini ,,,hex,,,,1580,,,,,,,czaplaBibeleposFruehenNeuzeit2013,,,,,,,,,,,,,,,,,
Johannes Straube,,,,,,,,,,,,Passio et mors Domini ,,,hex,,,,1580,,,,,,,czaplaBibeleposFruehenNeuzeit2013,,,,,,,,,,,,,,,,,
Johannes Hecheler,,,,,,,,,,,,Historia passionis et mortis Jesu Christi ,,,hex,,,,1581,,,,,,,czaplaBibeleposFruehenNeuzeit2013,,,,,,,,,,,,,,,,,
Konrad Olemann,,,,,,,,,,,,Natalis Domini ,,,hex,,,,1581,,,,,,,czaplaBibeleposFruehenNeuzeit2013,,,,,,,,,,,,,,,,,
Nikolaus Vigewirt,,,,,,,,,,,,"De passione, morte et resurrectione Christi ",,,hex,,,,1584,,,,,,,czaplaBibeleposFruehenNeuzeit2013,,,,,,,,,,,,,,,,,
Salomon Frenzel,,,,,,,,,,,,Historica narratio incarnationis Christi ,,,hex,,,,1584,,,,,,,czaplaBibeleposFruehenNeuzeit2013,,,,,,,,,,,,,,,,,
Abraham Faber,,,,,,,,,,,,Carmen heroicum de Jesu Christi ortu ,,,hex,,,,1584,,,,,,,czaplaBibeleposFruehenNeuzeit2013,,,,,,,,,,,,,,,,,
Nicodemus Frischlin,,,,,,,,,,,,De natali Jesu Christi ,,,hex,,,,1584,,,,,,,czaplaBibeleposFruehenNeuzeit2013,,,,,,,,,,,,,,,,,
Johannes Werner,,,,,,,,,,,,Carmen declamatorium in natalem Domini ,,,hex,,,,1584,,,,,,,czaplaBibeleposFruehenNeuzeit2013,,,,,,,,,,,,,,,,,
Conradus Hoyerus,,,,,,,,,,,,"Carmen de passione suis distincta horis, de resurrectione et ascensione Jesu Christi ",,,hex,,,,1585,,,,,,,czaplaBibeleposFruehenNeuzeit2013,,,,,,,,,,,,,,,,,
Heinrich Albert Mynsinger,Q55857500,,,,,,,,,,,Carmen in resurrectionem Domini ,,,hex,,,,1585,,,,,,,czaplaBibeleposFruehenNeuzeit2013,,,,,,,,,,,,,,,,,
Hartwig Schrasdorf,,,,,,,,,,,,De salutifero partu Iesu ,,,hex,,,,1585,,,,,,,czaplaBibeleposFruehenNeuzeit2013,,,,,,,,,,,,,,,,,
Georg Schünemann,,,,,,,,,,,,De admiranda nativitate Christi ,,,hex,,,,1585,,,,,,,czaplaBibeleposFruehenNeuzeit2013,,,,,,,,,,,,,,,,,
Salomon Frenzel,,,,,,,,,,,,Christi medicina ,,,hex,,,,1585,,,,,,,czaplaBibeleposFruehenNeuzeit2013,,,,,,,,,,,,,,,,,
Gregor Richter,,,,,,,,,,,,Historia et iter magorum ,,,hex,,,,1587,,,,,,,czaplaBibeleposFruehenNeuzeit2013,,,,,,,,,,,,,,,,,
Tobias Stegmann,,,,,,,,,,,,Infanticidium Herodis ,,,hex,,,,1587,,,,,,,czaplaBibeleposFruehenNeuzeit2013,,,,,,,,,,,,,,,,,
Ezechias Fabricius,,,,,,,,,,,,Lacrymae et plausus Mariae Magdalenae ,,,hex,,,,1588,,,,,,,czaplaBibeleposFruehenNeuzeit2013,,,,,,,,,,,,,,,,,
Marcus Simon,,,,,,,,,,,,Historia passionis Jesu Christi ,,,hex,,,,1588,,,,,,,czaplaBibeleposFruehenNeuzeit2013,,,,,,,,,,,,,,,,,
David Wendelius,,,,,,,,,,,,Historia passionis Jesu Christi ,,,hex,,,,1588,,,,,,,czaplaBibeleposFruehenNeuzeit2013,,,,,,,,,,,,,,,,,
David Wendelius,,,,,,,,,,,,Historia resurrectionis Jesu Christi ,,,hex,,,,1588,,,,,,,czaplaBibeleposFruehenNeuzeit2013,,,,,,,,,,,,,,,,,
Heinrich Isensee,,,,,,,,,,,,Historia de cymba Christi ,,,hex,,,,1590,,,,,,,czaplaBibeleposFruehenNeuzeit2013,,,,,,,,,,,,,,,,,
Georgius Nicolasius,,,,,,,,,,,,Historia Iesu Christi heroicis numeris ,,,hex,,,,1590,,,,,,,czaplaBibeleposFruehenNeuzeit2013,,,,,,,,,,,,,,,,,
"Johannes Armbruster, S. J.",,"1,1591592339287E+021",,,,,,,,,,Olivetum Spirense ,,,hex,,,,1593,,,,,,,czaplaBibeleposFruehenNeuzeit2013,,,,,,,,,,,,,,,,,
Kaspar Toreuta,,,,,,,,,,,,Genethliacon ,,,hex,,,,1593,,,,,,,czaplaBibeleposFruehenNeuzeit2013,,,,,,,,,,,,,,,,,
Ludwig Camerarius,,,,,,,,,,,,In natalem Christi epos ,,,hex,,,,1594,,,,,,,czaplaBibeleposFruehenNeuzeit2013,,,,,,,,,,,,,,,,,
Johannes Andreae,,,,,,,,,,,,Vergilius Christianus ,,,hex,,,,1595,,,,,,,czaplaBibeleposFruehenNeuzeit2013,,,,,,,,,,,,,,,,,
Salomon Frenzel,,,,,,,,,,,,De Jesu Christi ascensione ,,,hex,,,,1595,,,,,,,czaplaBibeleposFruehenNeuzeit2013,,,,,,,,,,,,,,,,,
Michael Clenovius,,,,,,,,,,,,De amara Christi passione ,,,hex,,,,1595,,,,,,,czaplaBibeleposFruehenNeuzeit2013,,,,,,,,,,,,,,,,,
Johannes Rosacius,,,,,,,,,,,,Apostasiae Iscariotarum Exitus ,,,hex,,,,1598,,,,,,,czaplaBibeleposFruehenNeuzeit2013,,,,,,,,,,,,,,,,,
Paulus Musconius,,,,,,,,,,,,Parthenomachias libri VIII,3,,eleg,,,,1600,,,,,,,,,,,,,,sLyW5wYKIq8C,1600,,,,,,,,,
Matthias Crusius,,,,,,,,,,,,De passione Domini ,,,hex,,,,1601,,,,,,,czaplaBibeleposFruehenNeuzeit2013,,,,,,,,,,,,,,,,,
Andreas Henaeus,,,,,,,,,,,,Iubilaeum ,,,hex,,,,1601,,,,,,,czaplaBibeleposFruehenNeuzeit2013,,,,,,,,,,,,,,,,,
Johannes Klock,,,,,,,,,,,,Christias ,,,hex,,,,1601,,,,,,,czaplaBibeleposFruehenNeuzeit2013,,,,,,,,,,,,,,,,,
Elias Küchler,,,,,,,,,,,,Jesus triumphator ,,,hex,,,,1602,,,,,,,czaplaBibeleposFruehenNeuzeit2013,,,,,,,,,,,,,,,,,
Arnold Walther,,,,,,,,,,,,In nativitatem Christi carmen ,,,hex,,,,1602,,,,,,,czaplaBibeleposFruehenNeuzeit2013,,,,,,,,,,,,,,,,,
Ulricus Volmarus,,,,,,,,,,,,Historia nativitatis Jesu Christi ,,,hex,,,,1603,,,,,,,czaplaBibeleposFruehenNeuzeit2013,,,,,,,,,,,,,,,,,
Johannes Falkenhan,,,,,,,,,,,,Alcyonia ,,,hex,,,,1604,,,,,,,czaplaBibeleposFruehenNeuzeit2013,,,,,,,,,,,,,,,,,
Balthasar Arnold,,,,,,,,,,,,De salutifera nativitate ,,,hex,,,,1605,,,,,,,czaplaBibeleposFruehenNeuzeit2013,,,,,,,,,,,,,,,,,
Andreas Knosp,,,,,,,,,,,,Cunabula Christi ,,,hex,,,,1607,,,,,,,czaplaBibeleposFruehenNeuzeit2013,,,,,,,,,,,,,,,,,
Erasmus Steinpach,,,,,,,,,,,,Christeis ,,,hex,,,,1607,,,,,,,czaplaBibeleposFruehenNeuzeit2013,,,,,,,,,,,,,,,,,
Thomas Sagittarius,,,,,,,,,,,,Christus natus ,,,hex,,,,1608,,,,,,,czaplaBibeleposFruehenNeuzeit2013,,,,,,,,,,,,,,,,,
Johannes Culovius,,,,,,,,,,,,Herodis infanticidium ,,,hex,,,,1609,,,,,,,czaplaBibeleposFruehenNeuzeit2013,,,,,,,,,,,,,,,,,
Victorinus Polantus,,,,,,,,,,,,Historia nativitatis Domini ,,,hex,,,,1611,,,,,,,czaplaBibeleposFruehenNeuzeit2013,,,,,,,,,,,,,,,,,
Bernhard Steinhagen,,,,,,,,,,,,De passione et morte Christi ,,,hex,,,,1611,,,,,,,czaplaBibeleposFruehenNeuzeit2013,,,,,,,,,,,,,,,,,
Abraham Horn,,,,,,,,,,,,De resurrectione Christi ,,,hex,,,,1613,,,,,,,czaplaBibeleposFruehenNeuzeit2013,,,,,,,,,,,,,,,,,
Natale Donadei,,,,,,,,,,,,De bello Christi ,,,hex,,,,1614,,,,,,,czaplaBibeleposFruehenNeuzeit2013,,,,,,,,,,,,,,,,,
Peter Hoeppener,,,,,,,,,,,,Torcular Dei-hominis ,,,hex,,,,1614,,,,,,,czaplaBibeleposFruehenNeuzeit2013,,,,,,,,,,,,,,,,,
Johann Conrad Rhumel,Q60845373,,,,,,,,,,,De passione et morte Iesu Christi ,,,hex,,,,1614,,,,,,,czaplaBibeleposFruehenNeuzeit2013,,,,,,,,,,,,,,,,,
Jacob Everhardus,,,,,,,,,,,,Historia passionis ,,,hex,,,,1615,,,,,,,czaplaBibeleposFruehenNeuzeit2013,,,,,,,,,,,,,,,,,
Joâo de Mello e Sousa,,,,,,,,,,,,De reparatione humana ,8,,hex,,,,1615,,,,,,,czaplaBibeleposFruehenNeuzeit2013,,,,,,,,,,,,,,,,,
Georg Konrad Maicler,Q1503982,,,,,,,,,,,Myrrhae poterium ,,,hex,,,,1616,,,,,,,czaplaBibeleposFruehenNeuzeit2013,,,,,,,,,,,,,,,,,
Theodorus Berckelman,,,,,,,,,,,,Historia resurrectionis Jesu Christi ,,,hex,,,,1617,,,,,,,czaplaBibeleposFruehenNeuzeit2013,,,,,,,,,,,,,,,,,
Heinrich Schriccius,,,,,,,,,,,,De salutifera nativitate Jesu Christi ,,,hex,,,,1621,,,,,,,czaplaBibeleposFruehenNeuzeit2013,,,,,,,,,,,,,,,,,
Jacob @Bidermann,Q71316,,,,,,,,,,,Herodias ,,,hex,,,,1622,,,,,,,czaplaBibeleposFruehenNeuzeit2013,,,,,,,,,,,,,,,,,
Samuel Praetorius,,,,,,,,,,,,De Christi passione et morte ,,,hex,,,,1624,,,,,,,czaplaBibeleposFruehenNeuzeit2013,,,,,,,,,,,,,,,,,
Salomon Eichler,,,,,,,,,,,,Adventus Domini triplex ,,,hex,,,,1624,,,,,,,czaplaBibeleposFruehenNeuzeit2013,,,,,,,,,,,,,,,,,
Michael Preutzius,,,,,,,,,,,,De passione Jesu Christi ,,,hex,,,,1625,,,,,,,czaplaBibeleposFruehenNeuzeit2013,,,,,,,,,,,,,,,,,
Samuel Gloner,,,,,,,,,,,,Nativitas Jesu Christi ,,,hex,,,,1626,,,,,,,czaplaBibeleposFruehenNeuzeit2013,,,,,,,,,,,,,,,,,
Samuel Gloner,,,,,,,,,,,,Historia passionis et mortis Domini ,,,hex,,,,1626,,,,,,,czaplaBibeleposFruehenNeuzeit2013,,,,,,,,,,,,,,,,,
Joachimus Resius,,,,,,,,,,,,In cunas Iesu Christi ,,,hex,,,,1626,,,,,,,czaplaBibeleposFruehenNeuzeit2013,,,,,,,,,,,,,,,,,
Andreas @Gryphius,Q77214,,,,,,,,,,,Herodis Furiae et Rahelis lachrymae ,,,hex,,,,1634,,,,,,,czaplaBibeleposFruehenNeuzeit2013,,,,,,,,,,,,,,,,,
Andreas @Gryphius,Q77214,,,,,,,,,,,Dei Vindicis Impetus et Herodis Interitus ,,,hex,,,,1635,,,,,,,czaplaBibeleposFruehenNeuzeit2013,,,,,,,,,,,,,,,,,
Georg Konrad Maicler,Q1503982,,,,,,,,,,,De nativitate Jesu ,,,hex,,,,1635,,,,,,,czaplaBibeleposFruehenNeuzeit2013,,,,,,,,,,,,,,,,,
Philipp Nicolai,,,,,,,,,,,,Nox Christi natalis ,,,hex,,,,1635,,,,,,,czaplaBibeleposFruehenNeuzeit2013,,,,,,,,,,,,,,,,,
Alexander Ross,,,,,,,,,,,,Christias ,,,hex,,,,1638,,,,,,,czaplaBibeleposFruehenNeuzeit2013,,,,,,,,,,,,,,,,,
Martin Nessel,,,,,,,,,,,,De Juda proditore ,,,hex,,,,1641,,,,,,,czaplaBibeleposFruehenNeuzeit2013,,,,,,,,,,,,,,,,,
Julius Hartwig Reichen,,,,,,,,,,,,Deus homo factus ,,,hex,,,,1641,,,,,,,czaplaBibeleposFruehenNeuzeit2013,,,,,,,,,,,,,,,,,
Martin Nessel,,,,,,,,,,,,Historia passionis Dominicae ,,,hex,,,,1642,,,,,,,czaplaBibeleposFruehenNeuzeit2013,,,,,,,,,,,,,,,,,
Franciscus Vavasseur,,,,,,,,,,,,Theurgicon ,,,hex,,,,1645,,,,,,,czaplaBibeleposFruehenNeuzeit2013,,,,,,,,,,,,,,,,,
Andreas Gryphius,,,,,,,,,,,,Olivetum ,,,hex,,,,1646,,,,,,,czaplaBibeleposFruehenNeuzeit2013,,,,,,,,,,,,,,,,,
Pietro Angelo Spera,,,,,,,,,,,,De passione Domini ,,,hex,,,,1647,,,,,,,czaplaBibeleposFruehenNeuzeit2013,,,,,,,,,,,,,,,,,
Caspar Macer,,,,,,,,,,,,De nativitate Christi ,,,hex,,,,1651,,,,,,,czaplaBibeleposFruehenNeuzeit2013,,,,,,,,,,,,,,,,,
Johannes Nolte,,,,,,,,,,,,Epos genethliakon ,,,hex,,,,1659,,,,,,,czaplaBibeleposFruehenNeuzeit2013,,,,,,,,,,,,,,,,,
Alexander Morus,,,,,,,,,,,,Soteria ,,,hex,,,,1669,,,,,,,czaplaBibeleposFruehenNeuzeit2013,,,,,,,,,,,,,,,,,
Robertus Clarke,,,,,,,,,,,,Christias ,,,hex,,,,1670,,,,,,,czaplaBibeleposFruehenNeuzeit2013,,,,,,,,,,,,,,,,,
Renatus Rapinus SJ ,Q511359,,,,,,,,,,,Christus patiens ,,,hex,,,,1674,,,,,,,czaplaBibeleposFruehenNeuzeit2013,,,,,,,,,,,,,,,,,
Tommaso Ceva,,,,,,,,,,,,Jesus Puer ,,,hex,,,,1690,,,,,,,czaplaBibeleposFruehenNeuzeit2013,,,,,,,,,,,,,,,,,
Johann Friedrich Heckel,,,,,,,,,,,,Jesu Christi passio ,,,hex,,,,1696,,,,,,,czaplaBibeleposFruehenNeuzeit2013,,,,,,,,,,,,,,,,,
Joachim Breithaupt,,,,,,,,,,,,"Veritatis, seu sapientiae, nativitas, victoria, communio. Vanitatis, seu stultitiae expiatio ",,,hex,,,,1717,,,,,,,czaplaBibeleposFruehenNeuzeit2013,,,,,,,,,,,,,,,,,
Johann W. Petersen,,,,,,,,,,,,Uranias seu opera Dei ,,,hex,,,,1720,,,,,,,czaplaBibeleposFruehenNeuzeit2013,,,,,,,xmBEAAAAcAAJ,,,,,,,,,,
Joachim Heinrich von Hermann,,,,,,,,,,,,Poesis sacra ,,,hex,,,,1743,,,,,,,czaplaBibeleposFruehenNeuzeit2013,,,,,,,,,,,,,,,,,
Karl Joseph Pruner,,,,,,,,,,,,De partu Virginis ,3,,hex,,,,1744,,,,,,,czaplaBibeleposFruehenNeuzeit2013,,,,,,,,,,,,,,,Schaffenrath 2011,,
Jacobus Montanus,,,,,,,,,,,,Divi Pauli Apostoli vita ,,,hex,,,,1518,,,,,,,czaplaBibeleposFruehenNeuzeit2013,,,,,,,,,,,,,,,,,
Pietro Rosetto,,12458317,,0000 0000 0161 4929,,,,,,,,Paulus ,,,hex,,,,1522,,,,,,,czaplaBibeleposFruehenNeuzeit2013,,,,,,,,,,,,,,,,,
Georgius Mauricius,,,,,,,,,,,,Conversio Pauli apostoli ,,,hex,,,,1565,,,,,,,czaplaBibeleposFruehenNeuzeit2013,,,,,,,,,,,,,,,,,
Abraham Kummer,,,,,,,,,,,,Historia conversionis Pauli ,,,hex,,,,1568,,,,,,,czaplaBibeleposFruehenNeuzeit2013,,,,,,,,,,,,,,,,,
Johannes Hunaeus,,,,,,,,,,,,Terminus S. Stephani ,,,hex,,,,1571,,,,,,,czaplaBibeleposFruehenNeuzeit2013,,,,,,,,,,,,,,,,,
Caspar Reppusius,,,,,,,,,,,,Conversio Pauli Apostoli ,,,hex,,,,1581,,,,,,,czaplaBibeleposFruehenNeuzeit2013,,,,,,,,,,,,,,,,,
Johann Joachim Gottlob Am Ende,Q106916,,,,,,,,,,,Christeis ,,,hex,Q40309,,,1759,,,,paraphrase,bib,,czaplaBibeleposFruehenNeuzeit2013,,,,,,http://mdz-nbn-resolving.de/urn:nbn:de:bvb:12-bsb10272129-2 ,,,,,,,,,,,
François Bonade,,,,,,,,,,,,Divi Pauli Apostoli epistolae divinae ,,,hex,,,,1537,,,,,,,czaplaBibeleposFruehenNeuzeit2013,,,,,,,,,,,,,,,,,
Theodor Reysmann,,,,,,,,,,,,Divi Pauli Apostoli epistola ad Romanos ,,,hex,,,,1529,,,,,,,czaplaBibeleposFruehenNeuzeit2013,,,,,,,,,,,,,,,,,
François Bonade,,,,,,,,,,,,Divi Pauli Apostoli epistolae divinae ,,,hex,,,,1537,,,,,,,czaplaBibeleposFruehenNeuzeit2013,,,,,,,,,,,,,,,,,
Bertramus Damianus,,,,,,,,,,,,Pauli ad Romanos epistola ,,,hex,,,,1539,,,,,,,czaplaBibeleposFruehenNeuzeit2013,,,,,,,,,,,,,,,,,
François Bonade,,,,,,,,,,,,Divi Pauli Apostoli epistolae divinae ,,,hex,,,,1537,,,,,,,czaplaBibeleposFruehenNeuzeit2013,,,,,,,,,,,,,,,,,
Georg Leuschner,,,,,,,,,,,,Epistola Divi Pauli ad Galatas ,,,hex,,,,1645,,,,,,,czaplaBibeleposFruehenNeuzeit2013,,,,,,,,,,,,,,,,,
François Bonade,,,,,,,,,,,,Divi Pauli Apostoli epistolae divinae ,,,hex,,,,1537,,,,,,,czaplaBibeleposFruehenNeuzeit2013,,,,,,,,,,,,,,,,,
Hieronymus Spartanus,,,,,,,,,,,,Miles Christianus ,,,hex,,,,1550,,,,,,,czaplaBibeleposFruehenNeuzeit2013,,,,,,,,,,,,,,,,,
François Bonade,,,,,,,,,,,,Divi Pauli Apostoli epistolae divinae ,,,hex,,,,1537,,,,,,,czaplaBibeleposFruehenNeuzeit2013,,,,,,,,,,,,,,,,,
Bertramus Damus,,,,,,,,,,,,Epistola D. Pauli Ad Titum ,,,hex,,,,1533,,,,,,,czaplaBibeleposFruehenNeuzeit2013,,,,,,,,,,,,,,,,,
Nikolaus Selnecker,,,,,,,,,,,,In divi Petri apostoli epistolas ,,,hex,,,,1567,,,,,,,czaplaBibeleposFruehenNeuzeit2013,,,,,,,,,,,,,,,,,
Caspar Schütz,,,,,,,,,,,,De extremo iudicio ,,,hex,,,,1559,,,,,,,czaplaBibeleposFruehenNeuzeit2013,,,,,,,,,,,,,,,,,
Adamus Eniccelius,,,,,,,,,,,,Triumphus Sancti Michaelis ,,,hex,,,,1590,,,,,,,czaplaBibeleposFruehenNeuzeit2013,,,,,,,,,,,,,,,,,
Patrick Adamson,,,,,,,,,,,,Apocalypsis Ioannis ,,,hex,,,,1618,,,,,,,czaplaBibeleposFruehenNeuzeit2013,,,,,,,,,,,,,,,,,
Samuel Gloner,,,,,,,,,,,,Judicium extremum ,,,hex,,,,1625,,,,,,,czaplaBibeleposFruehenNeuzeit2013,,,,,,,,,,,,,,,,,
Jacobus Bonus,,,,,,,,,,,,De raptu Cerberi ,,,hex,,,,1490,,,,,,,czaplaBibeleposFruehenNeuzeit2013,,,,,,,,,,,,,,,,,
Macarius Mutius,,,,,,,,,,,,De triumpho Christi ,,,hex,,,,1499,,,,,,,czaplaBibeleposFruehenNeuzeit2013,,,,,,,,,,,,,,,,,
Matthias Funck,,,,,,,,,,,,Triumphus Christianus ,,,hex,,,,1514,,,,,,,czaplaBibeleposFruehenNeuzeit2013,,,,,,,,,,,,,,,,,
Helius Eobanus Hessus,,,,,,,,,,,,Victoria Christi ab inferis ,,,hex,,,,1517,,,,,,,czaplaBibeleposFruehenNeuzeit2013,,,,,,,,,,,,,,,,,
Johann Spangenberg,,,,,,,,,,,,Triumphus Christi heroicus ,,,hex,,,,1545,,,,,,,czaplaBibeleposFruehenNeuzeit2013,,,,,,,,,,,,,,,,,
Johannes Caselius,,,,,,,,,,,,Triumphus Domini ,,,hex,,,,1552,,,,,,,czaplaBibeleposFruehenNeuzeit2013,,,,,,,,,,,,,,,,,
Clemens Schubert,,,,,,,,,,,,Triumphus Christi ,,,hex,,,,1553,,,,,,,czaplaBibeleposFruehenNeuzeit2013,,,,,,,,,,,,,,,,,
Friedrich Widebram,,,,,,,,,,,,Triumphus resurgentis Christi ab inferno ,,,hex,,,,1554,,,,,,,czaplaBibeleposFruehenNeuzeit2013,,,,,,,,,,,,,,,,,
Reinholdus Dreierus,,,,,,,,,,,,Triumphus Christi ,,,hex,,,,1585,,,,,,,czaplaBibeleposFruehenNeuzeit2013,,,,,,,,,,,,,,,,,
Hermannus Hubertus,,,,,,,,,,,,Triumphus Christi ,,,hex,,,,1587,,,,,,,czaplaBibeleposFruehenNeuzeit2013,,,,,,,,,,,,,,,,,
Albinus Metius,,,,,,,,,,,,Triumphus Christi ,,,hex,,,,1601,,,,,,,czaplaBibeleposFruehenNeuzeit2013,,,,,,,,,,,,,,,,,
Andreas Knosp,,,,,,,,,,,,Triumphus Christi ,,,hex,,,,1606,,,,,,,czaplaBibeleposFruehenNeuzeit2013,,,,,,,,,,,,,,,,,
Georg Hauschburg,,,,,,,,,,,,Triumphus Jesu Christi ,,,hex,,,,1612,,,,,,,czaplaBibeleposFruehenNeuzeit2013,,,,,,,,,,,,,,,,,
Caspar @Barthius,Q76182,,,,,,,,,,,Lipsia Incassum Obsessa,,,hex,,,,,,,,,,,winklerLipsiaIncassumObsessa2018,,069762H,,,,,,,,,,,,,,,
Antonio @Mazzetti,Q3619872,89229537,,,,,,,,,,,,,hex,,,,1838,,,,,,,schaffenrathAntonioMazzettiNeoLatin2020,,,,,,,,,,,,,,,,,
Bernhard @Dieterlin,,,,,,,,,,,,Magneis,,,hex,,,,1623,,,,,,,kuehlmannDreissigjaehrigeKriegIm2018,,,,,,,,,,,,,,,,,kuehlmannDreissigjaehrigeKriegIm2018
Dermot @O’Meara,Q20922132,,,,,,,,,,,Ormonius,5,,hex,,,,,,,,,,,gwynneEpic2017:216,,,,,,,,,,,,,,,edwardsTipperaryHeroDermot2011,,
James @Philp,Q18576401,,,,,,,,,,,Grameis,,,hex,,,,,,,,,,,gwynneEpic2017:216,,,,,,,,,,,,,,,,,houghtonViewScottishHighlands2020
José Antonio de Villerías y Roelas,Q97352047,,,,,,,,,,,Guadalupe,4,,hex,,,,1724,,,,,,,gwynneEpic2017:219,,,,,,,,,,,,,,,,,
Rafael Landívar,Q1216154,,,,,,,,,,,Rusticatio Mexicana,,,hex,,,,,,,,,,,schaffenrathNarrativePoetry2015,,,,,,,,,,,,,,,,http://biblio3.url.edu.gt/Rusticatio/Archivos/latin.pdf,
Jacob Kuchler,,,,,,,,,,,,Historia Ionae prophetae carmine elegiac tractata,,,hex,,,,1551,,,,,,,rolingHeldWiderWillen2017,,,,,,,,,,,,,,,,,
Jonas @Hermann,,,,,,,,,,,,Historia Ionae prophetae versibus elegiacis reddita,,,hex,,,,1555,,,,,,,rolingHeldWiderWillen2017,,,,,,,,,,,,,,,,,
Franz @Rhode,,,,,,,,,,,,Jonas et Nahum prophetae carmine heroico redditi,,,hex,,,,1556,,,,,,,rolingHeldWiderWillen2017,,,,,,,,,,,,,,,,,
Hieronymus @Rhüden,,,,,,,,,,,,Historia Ionae prophetae heroico carmine descripta,,,hex,,,,1568,,,,,,,rolingHeldWiderWillen2017,,,,,,,,,,,,,,,,,
Nicolaus Lucke,,,,,,,,,,,,Paraphrasis poetica in historiam Ionae prophetae,,,hex,,,,1569,,,,,,,rolingHeldWiderWillen2017,,,,,,,,,,,,,,,,,
Alexander Arnoldi,,,,,,,,,,,,"Ionas Propheta, Centone Virgiliano, quanta quidem fieri potuit, breuitate redditus",,,hex,,,,1600,,,,,,,rolingHeldWiderWillen2017,,,,,,,,,,,,,,,,,
Francisco @Núñez de Oria,Q5866924,,,,,,,,,,,Lyrae heroycae,14,,hex,,,,1581,,,,,,,,,,,,,http://bdh-rd.bne.es/viewer.vm?id=0000093013&page=1,,,,,,,,,,,
José Manuel @Peramás,,,,,,,,,,,,De Invento Novo Orbe Inductoque Illuc Christi Sacrificio,,,hex,,,,1777,,,,hist_far,,,tomesNeoLatinAmericaPoetics2018,,,,,,,,,,,,,,,,,
Scipione @Gentili,Q835355,76326909,,,,,,,,,,Solymeidos libri duo,2,,hex,,,,1584,,,,,,,,,,,,,,,,,,,,,,,https://la.m.wikisource.org/wiki/Solymeidos_libri_duo_priores,
Carolus @Malapertius,Q744091,89295135,,,,,,,,,,De ventis,2,,hex,,,,,,,,hist_close,,,,,,,,,,Xwj-dcEIP3IC,,,,,,,,,,
Constantius @Pulcharellius,,,,,,,,,,,,De magorum Regum itinere,1,,hex,,,,,,,,bib,,,,,,,,,,yWVEAAAAcAAJ,,,,,,,,,,
Friedrich @Taubmann,Q1462474,13080012,,,,,,,,,,Bellum Angelicum,,,hex,,,,,,,,bib,,,,,,,,,,,,,,,,,,,,
Melchior @Eccius,,f,,,,,,,,,,Michael bellator sive de pugna angelorum cum diabolis duce... Michaele Archangelo pugnata…,,,hex,,,,1610,published,,,bib,,,,,,,,,,,,,,,,,,,,
Sebastiano @Maccio,,,,,,,,,,,,Soteridos seu de redemptionis humanae mysterio: lib. XII.,12,,hex,,,,1605,,,,bib,,,,,,,,urn:nbn:de:bvb:12-bsb10609647-1,http://www.mdz-nbn-resolving.de/urn/resolver.pl?urn=urn:nbn:de:bvb:12-bsb10609647-1,,,,,,,,,,,
Robertus @Titius,Q1994446,,,,,,,,,,,Gephyromachia Pisana,1,,hex,Q3106863,,,,,,,,,,,,,,,,,,,,,,,,,,,
Leonardo @Grifo ,,,,,,,,,,,,Conflictus Aquilanus,1,900,hex,,,,1460,,,,,,,petersMythologieUndPolitik,,,,,,,,,,,,,,,,,
Gianantonio @Pandoni,Q12270006,,,,,,,,,,,Triumphus Alphonsi,1,720,hex,,,,,,,,,,,petersMythologieUndPolitik,,,,,,,,,,,,,,,Nociti 1895,,PetersMythologieUndPolitik:99-109
Euricius @Cordus,,,,,,,,,,,,Antilutheromastix,,,hex,,,,1521,,,,,,,VL,C 5069,,,,,,,,,,,,,,,,
Nicodemus @Frischlin,,,,,,,,,,,,Hebraeis,,,hex,,,,,,,,,,,VL,,,,,,,,,,,,,,,,,
Michael @Haslob,,,,,,,,,,,,De vita et obitu D. Georgii Sabini [...] carmen [...] scriptum et recitatum [...] anno 1576.,,,hex,,,,1580,,,,,,,VL,,,,,,,,,,,,,,,,,
Johann @Lange,,,,,,,,,,,,Baptista decollatus,,,hex,,,,,,,,,,,VL,,,,,,,,,,,,,,,,,
Christian @Schesaeus,,,,,,,,,,,,Ruina Pannonica,,,hex,,,,,,,,,,,VL,,,,,,,,,,,,,,,,,
Petrus Angelius @Bargaeus,Q3388211,,,,,,,,,,,Elegia de Radagasii caede,,,eleg,Q452209,,,1566,,,,hist_far,,,,,,1786,,,,,,,,,,,,,,veenArtPropagandaLate1984
Maffeo @Vegio,Q1372875,,,,,,,,,,,Vellus aureum,4,,hex,,,,1431,,,,,,,braunPedisequaCamenaeZur2020: 13*,,,,,,,,,,,,,,,Glei/Köhler 1998,,
Orazio @Romano,Q88201937,http://viaf.org/viaf/27457993,,,,,,,,,,Porcaria,2,,hex,,,,,,,,,,,braunPedisequaCamenaeZur2020: 13*,,,,,,,,,,,,,,,Lehnert 1907,,celatiOrazioRomanoPorcaria2019a
@Galassius Vicentinus,,,,,,,,,,,,Theseidos libri tres,,,,,,,Before 1463,,,,,,,,,,,,,,,,,,,,,,,mqdq,
Wilhelm @Menis,Q94987323,,,,,,,,,,,Radetzky,3,,hex,Q153500,,,1850,,,,,,,braunPedisequaCamenaeZur2020: 19*,,,,,,,,,,,,,,,,,
Iacobus @Florus,,,,,,,,,,,,Poema heroicum de ultimis Iudaeorum bellis XIV libris,14,,,,,,,,,,,,,braunPedisequaCamenaeZur2020: 19*,,,,,,,,,,,,,,,,,
Wilfried @Stroh,,,,,,,,,,,,Erotomachia,1,219,hex,,,,,,,,,,,,,,,,,,,,,,,,,,,,
Petrus du May ,,,,,,,,,,,,Enguinneis,,,,,,,,,,,hist_close,,,meldeZeithistorischeNovitatIm2018,,,,,,,,,,,,,,,,,
Erasmus @Laetus,,,,,,,,,,,,Margaretica,,,hex,,,,1573,,,,hist_med,,,kallendorfNeoLatinEpic2014,,,,,,,,,,,,,,,,,
Jonas @Radvanas,,,,,,,,,,,,Radivilias,,,,,,,,,,,,,,kallendorfNeoLatinEpic2014,,,,,,,,,,,,,,,,,
Klement Václav,,,,,,,,,,,,Lechias,,,,,,,,,,,,,,kallendorfNeoLatinEpic2014,,,,,,,,,,,,,,,,,
Klement Václav,,,,,,,,,,,,Gustavis,,,,,,,1632,,,,hist_close,,,helanderGustavisVenceslausClemens2002,,,,,,,,,,,,,,,,,
Johannes Narssius ,,,,,,,,,,,,Gustavis,,,,,,,,,,,,,,helanderGustavisVenceslausClemens2002,,,,,,,,,,,,,,,,,
Georgius Benedicti Wertelo,Q62518005,,,,,,,,,,,De rebus gestis Guilielmi comitis Nassovii,,,,,,,,,,,,,,kallendorfNeoLatinEpic2014,,,,,,,,,,,,,,,,,
Christopher Ocland,,,,,,,,,,,,"Εἰρηναρχία sive Elizabetha, de pacatissimo Angliae statu",,,,Q131706,,,,,,,,,,kallendorfNeoLatinEpic2014,,,,,,,,,,,,,,,,,
Anonymus,,,,,,,,,,,,Theresias,,,,,,,,,,,,,,kallendorfNeoLatinEpic2014,,,,,,,,,,,,,,,werhahnTheresiasSzenenAus1995,,
Phineas @Fletcher,Q2745639,,,,,,,,,,,Locustae vel pietas Iesuitica,,,,,,,,,,,,,,kallendorfNeoLatinEpic2014,,,,,,,,,,,,,,,haanPhineasFletcherLocustae1996,,
Juan Latino,Q1408974,,,,,,,,,,,Austrias Carmen,2,1837,hex,Q157107,,,,,,,,,,"wrightBattleLepanto2014,elizabethrwrightNarratingIneffableLepanto2009",,,,,,,,,,,,,,,wrightBattleLepanto2014,,rigauxCastingReaderEyewitness2016
Ivan Polikarp @Severitan,,,,,,,,,,,,Solimaidos libri III,,,,,,,1509,,,,,,,CroaLa,,,,,,,,,,,,,,,,,
Ignjat @Đurđević,,,,,,,,,,,,Magdalis,,,,,,,1728,,,,,,,CroaLa,,,,,,,,,,,,,,,,,
Josip @Čobarnić,,,,,,,,,,,,Dioclias,,,polym,,,,1835,,,,,,,CroaLa,,,,,,,,,,,,,,,,,
Damjan @Beneša,,,,,,,,,,,,De morte Christi,,,,,,,1534,,,,,,,CroaLa,,,,,,,,,,,,,,,,,
Marco @Probo de Marianis,,,,,,,,,,,,triumphus Hydruntinus ad Alphonsum de Aragonia,,,,Q436753,,,,,,,,,,,,,,,,,,,,,,,,,,mqdq,
Petrus Paganus,,,,,,,,,,,,Historia tergeminorum Romanorum et Albanorum [...] ,,,,,,,1571,,,,,,,Rep_Heidelberg,,,,,,,,,,,,,,,,,
Johann Engerd,,,,,,,,,,,,"Vita reverendi […] Gabrielis Dorneri, abbatis Aspacensis ",,,,,,,1572,,,,,,,Rep_Heidelberg,,,,,,,,,,,,,,,,,
Johann Engerd,,,,,,,,,,,,Epaenesis duarum illustrium Germaniae familiarum […] ,,,,,,,1579,,,,,,,Rep_Heidelberg,,,,,,,,,,,,,,,,,
Peter Creisbach,,,,,,,,,,,,Libri duo Christiadum ,,,,,,,1575,,,,,,,Rep_Heidelberg,,,,,,,,,,,,,,,,,
Nicodemus Frischlin,,,,,,,,,,,,Carmen de Astronomico Horologio Argentoratensi ,,,,,,,1575,,,,,,,Rep_Heidelberg,,,,,,,,,,,,,,,,,
Johannes Seckerwitz,,,,,,,,,,,,Pomeraneidum libri V ,,,,,,,1582,,,,,,,Rep_Heidelberg,,,,,,,,,,,,,,,,,
Caspar Ens,,,,,,,,,,,,"Rerum Danicarum Friderico II. Inclitae Memoriae, Rerum potiente, Terra marique Gestarum Historica: Bella Dithmarsicum et Suecicum maxime memorabilia complectens […] ",,,,,,,1593,,,,,,,Rep_Heidelberg,,,,,,,,,,,,,,,,,
Martin Praetorius,,,,,,,,,,,,Marchiados libri duo ,,,,,,,1594,,,,,,,Rep_Heidelberg,,,,,,,,,,,,,,,,,
Ulrich Bollinger,,,,,,,,,,,,Moseis sive carmen heroicum de rebus gestis Mosis ,,,,,,,1597,,,,,,,Rep_Heidelberg,,,,,,,,,,,,,,,,,
Henricus Smetius,,,,,,,,,,,,Epos de Antiquitate & Praestantia Medicinae ,,,,,,,1611,,,,,,,Rep_Heidelberg,,,,,,,,,,,,,,,,,
Caspar Barth,,,,,,,,,,,,Leandridos libri III ,,,,Q747392,,,1612,,,,,,,Rep_Heidelberg,,,,,,,,,,,,,,,,,
Caspar Brülow,,,,,,,,,,,,"Carmen heroicum, de vita rebusque gestis B. Martini Lutheri ",,,,Q9554,,,1617,,,,,,,Rep_Heidelberg,,,,,,,,,,,,,,,,,hansteinCasparBruelow158516272013
Julius Wilhelm Zincgref,,,,,,,,,,,,Epos ad Fridericum ,,,,,,,1619,,,,,,,Rep_Heidelberg,,,,,,,,,,,,,,,,,
Thomas Sagittarius,,,,,,,,,,,,Ulysses Saxonicus ,,,,,,,1621,,,,,,,Rep_Heidelberg,,,,,,,,,,,,,,,,,
Johannes Nikolaus Furichius,,,,,,,,,,,,Chryseidos Libri IV ,,,,,,,1631,,,,,,,Rep_Heidelberg,,,,,,,,,,,,,,,,,
Johannes Opsopaeus,,,,,,,,,,,,Carmen theologicum de salute generis humani […] ,,,,,,,1631,,,,,,,Rep_Heidelberg,,,,,,,,,,,,,,,,,
Martin Opitz,,,,,,,,,,,,Ratispona in libertatem vindicata ,,,,,,,1633,,,,,,,Rep_Heidelberg,,,,,,,,,,,,,,,,,
Andreas Gryphius,,,,,,,,,,,,Parnassus renovatus ,,,,,,,1636,,,,,,,Rep_Heidelberg,,,,,,,,,,,,,,,,,
Wolf Helmhardt von Hohberg,,,,,,,,,,,,Georgica Curiosa ,,,,,,,1682,,,,,,,Rep_Heidelberg,,,,,,,,,,,,,,,,,
Johannes Nicolaus Selle,,,,,,,,,,,,Cedrus Brandenburgica ,,,,,,,1688,,,,,,,Rep_Heidelberg,,,,,,,,,,,,,,,,,
Wolfgang Marius von Aldersbach,,,http://d-nb.info/gnd/100373682,,,,,,,,,Carmen de bello Norico,,,,https://www.wikidata.org/wiki/Q677693,,,,,,,,,,https://neolatin.lbg.ac.at/past-conferences/epic-poetry-conference,,,,,https://mdz-nbn-resolving.de/urn:nbn:de:bvb:12-bsb00108564-8,,,,,,,,,,,,"kapsnerBelloNoricoUnveroffentlichtes2002a, orthSpurLigurinusLandshuter2016a"
Elias Berger,,,,,,,,,,,,Domus augustissimae Austriae columnae sidera ,,,,,,,,,,,,,,https://neolatin.lbg.ac.at/past-conferences/epic-poetry-conference,,,,,,,,,,,,,,,,,
,,,,,,,,,,,,Tyrnavia nascens,,,,Q26175,,,,,,,,,,https://neolatin.lbg.ac.at/past-conferences/epic-poetry-conference,,,,,,,,,,,,,,,,,
,,,,,,,,,,,,Martis Austriaci felices usque ad Rhenum progressus,,,,,,,,,,,,,,https://neolatin.lbg.ac.at/past-conferences/epic-poetry-conference,,,,,,,,,,,,,,,,,
Ioannes Bocatius,,,,,,,,,,,,Matthiados carmina heroica,,,,,,,,,,,,,,https://neolatin.lbg.ac.at/past-conferences/epic-poetry-conference,,,,,,,,,,,,,,,,,
Valentin Rotmar,,,,,,,,,,,,Carolidum libri tres,3,,hex,Q32500,,,1582,,,,,,,https://neolatin.lbg.ac.at/past-conferences/epic-poetry-conference,R 3343,,,,,http://mdz-nbn-resolving.de/urn:nbn:de:bvb:12-bsb11220138-7 ,,,,,,,,,,,
Kajetan Vičić,,,,,,,,,,,,Jesseis,,,,,,,,,,,,,,https://neolatin.lbg.ac.at/past-conferences/epic-poetry-conference,,,,,,,,,,,,,,,,,
Hugo Favolius,,,,,,,,,,,,Hodoeporici Byzantini libri III,,,,,,,,,,,,,,ActaConventusNeoLatini2020:248,,,,,,,,,,,,,,,,,
Lars Fornelius,,,,,,,,,,,,Gustavus Sago-Togatus,,,,,,,,,,,,,,ActaConventusNeoLatini2020:638,,,,,,,,,,,,,,,,,
Bartholomaeus Pereira,,,,,,,,,,,,Paciecis,12,,,Q11969873,,,1640,,,,,,,haskellPracticingWhatThey2010,,,,,,,VNYzmgEACAAJ,,,,,,,,,,
Antonio Figueira Durão,,,,,,,,,,,,Ignatias,,,,,,,,,,,,,,haskellPracticingWhatThey2010,,,,,,,,,,,,,,,,,kleckerImperiumMinervaeJesuitische2003
Nikodemus Musnicki,,,,,,,,,,,,De Christi ab inferis reditu,,,,,,,1805,,,,,,,haskellTearsThingsHow2020:75,,,,,,,,,,,,,,,,,
Emmanuel de Azevedo,Q41559652,,,,,,,,,,,Heroum libri IV,,,,,,,1789,,,,,,,haskellTearsThingsHow2020:71,,,,,,,,,,,,,,,,,haskellSuppressedEmotionsHeroic2016
Joachim @Meister,Q94889575,56955029,,,,,,,,,,De Rodolpho Habspurgico,3,,,Q76956,,,1576,published,,,,,,romerAeneasHabsburgusRudolf2001,,,,,,http://data.onb.ac.at/rep/10B3D85D,,,,,,,,,,,
Leopold Heizler,,,,,,,,,,,,Austria liberata,,,eleg,,,,,,,,,,,geelhaarMariaTheresiaUnd2010,,,,,,,,,,,,,,,,,
Johannes Damascenus,,,,,,,,,,,,Viennis,,,hex,Q7222682,,,1717,published,,,,,,,,,,,,,,,,,,,,,,,
Thomas @Campion,,,,,,,,,,,,Umbra,,,,,,,1619,,,,,,,garrisonSeducedLiteraryHistory2017,,,,,,,,,,,,,,,,,
Thomas @Campion,,,,,,,,,,,,De Pulverea Coniuratione,,,,Q45810,,,,,,,,,,garrisonSeducedLiteraryHistory2017,,,,,,,,,,,,,,,,,
Ioannes @Visliciensis,,,,,,,,,,,,Bellum Prutenum,,,,,,,1516,,,,,,,,,,,,,,,,,,,,,,,,
Christophorus @Zawisza,,,,,,,,,,,,Carolomachia,,,,Q937332,,,1606,,,,,,,Nekrasevic-Karotkaja,,,,,,,,,,,,,,,,,
Laurentius Boierus,Q12662612,,,,,,,,,,,Carolomachia,,,,,,,,,,,,,,ijsewijnDidacticHeroicPoetry1990,,,,,,,,,,,,,,,,,
Ioannes @Mylius,,,,,,,,,,,,,,,,,,,,,,,,,,siedinaLatinitasPolishCrown2014,,,,,,,,,,,,,,,,,
Basilius @Hyacinthus,,,,,,,,,,,,,,,,,,,,,,,,,,siedinaLatinitasPolishCrown2014,,,,,,,,,,,,,,,,,
Franciscus @Gradovius,,,,,,,,,,,,Hodoeporicon Moschicum,,,,,,,1581,,,,,,,siedinaLatinitasPolishCrown2014,,,,,,,,,,,,,,,,,
Michaeles Korycki,Q1961186,,,,,,,,,,,Avium comitium,,,,,,,,,,,com,,,siedinaLatinitasPolishCrown2014,,,,,,https://www.epaveldas.lt/recordDescription/LNB/C1B0003565490,mD1ToEsDWu0C,1817,,,,,,,,https://www.epaveldas.lt/recordText/LNB/C1B0003565490/M.Korycki_Societatis_Jesu_Sacerdotis_Carmina.html?exId=333086&seqNr=3#toc_marker-4,
Daniel Hermann,,,,,,,,,,,,Stephaneis Moschovitica,,,,,,,1582,,,,,,,siedinaLatinitasPolishCrown2014,,,,,,,,,,,,,,,,,
Henrik Harders,,,,,,,,,,,,Hafnia liberata,,,,,,,,,,,,,,https://dansklitteraturshistorie.lex.dk/K%C3%B8benhavns_belejring_-_Borchs_og_Harders_eposer,,,,,,,,,,,,,,,,,
,,,,,,,,,,,,Amagria vindicata,,,,,,,,,,,,,,https://dansklitteraturshistorie.lex.dk/K%C3%B8benhavns_belejring_-_Borchs_og_Harders_eposer,,,,,,,,,,,,,,,,,
Abraham Hartwell,,,,,,,,,,,,Regina Literata,,,,,,,1565,,,,,,,schaffenrathNeoLatinEpic2017,,,,,,,,,,,,,,,,,
Johannes @Pedionesu,,,,,,,,,,,,De bello Germanico,,,,Q168556,,,,,,,,,,schaffenrathNarrativeStructuresNeoLatin2019,,,,,,,,,,,,,,,,,
Anonymus,,,,,,,,,,,,Binderidos libellus,,,,Q1511327,,,,,,,,,,schaffenrathNarrativeStructuresNeoLatin2019,,,,,,,,,,,,,,,,,
Tiberinus,,,,,,,,,,,,,2,400,hex,Q315342,,,,,,,,,,korenjakTyrolisLatina2012:87,,,,,,,,,,,,,,,,,
Curtius Arcionus,,,,,,,,,,,,Heroicum poema de sublimi ascensione Domini nostri Iesu Christi,,,,,,,1634,,,,,,,KorenjakTyrolisLatina2012:411-412,,,,,,,,,,,,,,,,,
Anonymus,,,,,,,,,,,,Sanctus Severinus Boetius,,400,,Q102851,,,1726,printed,,,,,,KorenjakTyrolisLatina2012:638-639,,,,,,,,,,,,,,,wirthensohnSanctusSeverinusBoetius2016,,
Giano Pirro Pincio,,,,,,,,,,,,Clesias,,,,Q826269,,,,,,,,,lost,KorenjakTyrolisLatina2012:236,,,,,,,,,,,,,,,,,
Ludovico Merchenti,,,,,,,,,,,,Benacus,,750,,,,,1476-1471,written,,,,,mscr BMV Cod. Marc. Lat. XII 160 (4651),kreuzBibliographieNachlebenAntiken2019:85,,,,,,,,,,,,,,,,,
Simon Lemnius,,,,,,,,,,,,Raeteis,,,,,,,,,,,,,,kreuzBibliographieNachlebenAntiken2019:85,,,,,,,,,,,,,,,,,"michelQuellenZurRaeteis1914,ganssRaeteisLemniusEpos1955"
José Anchieta,,,,,,,,,,,,De gestis Mendi de Saa,,,,,,,1563,,,,,,,kreuzBibliographieNachlebenAntiken2019:85,,,,,,,,,,,,,,,,,wallischKlassizismusUndExotik2007
Petrus Paladinus,,280342991,http://d-nb.info/gnd/133594513,,,,,,,,,Cortesias,,,,,,,,,,,,,,kreuzBibliographieNachlebenAntiken2019:85,,,,,,,,,,,,,,,scheerArgonautenUndAneas2007,,
Pietro Rosetto,,,,,,,,,,,,Stephanis sive epos de beatissimi protomartyris Stephani Agone,,,,,,,,,,,,,,,,,,,,,SoNCAAAAcAAJ,1516,,,,,,,,,
Pietro Rosetto,,,,,,,,,,,,Paulus ,,,,,,,,,,,,,,,,,,,,,_S9WAAAAcAAJ,1527,,,,,,,,,
Pietro Rosetto,,,,,,,,,,,,Christus,,,,,,,,,,,,,,,,,,,,,Ue47AAAAcAAJ,,,,,,,,,,
Pietro Rosetto,,,,,,,,,,,,Laurentias,,,,,,,,,1515,published,,,,,,,,,,ark:/12148/bpt6k1349842,,,,,,,,,,,
Thomas Watson,,,,,,,,,,,,Raptus Helenae,,,,,,,,,,,,,,moulNeoLatinPoetry15002016,,,,,,,,,,,,,,,,,
Francis Herring,,,,,,,,,,,,Pietas Pontificia,,,,,,,1606,,,,,,,moulNeoLatinPoetry15002016,,,,,,,,,,,,,,,,,
Alexander Yule,,,,,,,,,,,,Descriptio Horrendi Paricidii,,,,,,,1607,,,,,,,moulNeoLatinPoetry15002016,,,,,,,,,,,,,,,,,
Michael Wallace,,,,,,,,,,,,In Serenissimi regis Iacobi … Liberationem,,,,,,,1607,,,,,,,moulNeoLatinPoetry15002016,,,,,,,,,,,,,,,,,
John Milton,,,,,,,,,,,,In Quintum Novembris,,,,,,,1626,,,,,,,moulNeoLatinPoetry15002016,,,,,,,,,,,,,,,,,
Henricus Chifellius,,,,,,,,,,,,Lacippias,,,,,,,1615,published,,,,,,ijsewijnDidacticHeroicPoetry1990,,,,,,,,,,,,,,,,,
Sarbievius,,,,,,,,,,,,Lechias,,,,,,,,,,,,,lost but for fragments,ijsewijnDidacticHeroicPoetry1990,,,,,,,,,,,,,,,,,
Laurentius Petri Gothus,,,,,,,,,,,,Stratagemata Gothici exercitus,,,,,,,,,,,,,,ijsewijnDidacticHeroicPoetry1990,,,,,,,,,,,,,,,,,
Emanuel Jesus de Oliveira Ferreira,,,,,,,,,,,,Poema epicum de conceptione B. Mariae,,,,,,,1749,,,,,,,ijsewijnDidacticHeroicPoetry1990,,,,,,,,,,,,,,,,,
Carl Georg @Brunius,Q4992644,,,,,,,,,,,De diis arctois libri sex secundum Eddas concinnati,6,3000,,,,,1822,published,,,,,,rolingOdinsImperiumRudbeckianismus2020:350,,,,,,,2aBWAAAAcAAJ,ed. 1857,,,,,,,,,
Matthias Martinius,,,,,,,,,,,,Parnassus regum Sueciae,,,,,,,1686,published,,,,,,rolingOdinsImperiumRudbeckianismus2020,,,,,,,,,,,,,,,,,
Anonymus,,,,,,,,,,,,"Melissomachia, sive pugna apum a Rhetoribus affixa anno 1652",,,,,,,,,,,,,,sacreMelissomachiaUnpublishedEpic2000,,,,,,,,,,,,,,,,,
Bernardinus @Baldinus,,,,,,,,,,,,Bellum Ottomanicorum,,,,,,,,,,,,,,braunPedisequaCamenaeMinoris2021,,,,,,,,,,,,,,,,,
Alexander @Rinuccini,,,,,,,,,,,,Diva Catharina martyr,,,,,,,1613,,,,,,,,,,,,,,tnheAAAAcAAJ,,,,,,,,,,
Mutius @Sfortia,,,,,,,,,,,,Clementiados libri II.,2,,,,,,1593,,,,,,,,,,,,,,q2BjAAAAcAAJ,,,,,,,,,,
"Dòria, Miquel",,http://viaf.org/viaf/2618160245387252640003,,,,,,,,,,Ad Divum Aloysium. Epos.,1,446,hex,https://www.wikidata.org/wiki/Q310307,,,,,,,,,,,,,,,,,,,,,,,,,,,
Addisson,,,,,,,,,,,,Pygméogéranomachie,1,,,https://www.wikidata.org/wiki/Q1747200,,,,,,,,,,,,,,,,,https://www.google.de/books/edition/Barberii_Hermes_Romanus_Ou_Mercure_Latin/nhouAQAAIAAJ?hl=en&gbpv=1,,,,,,,,,,
Matteo @Ronto,,,http://d-nb.info/gnd/102195439X‏,,,,,,,,,Commedia,,,,https://www.wikidata.org/wiki/Q40185,,,,,,,,,,dallapietaEpicaLatinaProfana2020,,,,,,,,,,,,,,,,,
Carlo d’Aquino,,,http://d-nb.info/gnd/100015670,,,,,,,,https://opac.sbn.it/opacsbn/opaclib?saveparams=false&db=solr_iccu&select_db=solr_iccu&searchForm=opac%2Ficcu%2Ffree.jsp&resultForward=opac%2Ficcu%2Ffull.jsp&do_cmd=search_show_cmd&nentries=1&rpnlabel=+Any+%3D+le+similitudini+della+Commedia+trasportate+verso+%28ricerca.parole_tutte%29+&rpnquery=%40attrset+bib-1++%40attr+1%3D1016+%40attr+4%3D6+%22similitudini+della+Commedia+trasportate+verso%22&fname=none&from=1#collapsePermaITICCURAVE012826,Le similitudini della Commedia di Dante Alighieri trasportate verso per verso in lingua latina da Carlo D'Aquino della Compagnia di Gesù,,,hex,https://www.wikidata.org/wiki/Q40185,,,1707,,,,,,,dallapietaEpicaLatinaProfana2020,,,,,,,,,,,,,,,,,
Carlo d’Aquino,,,http://d-nb.info/gnd/100015670,,,,,,,,https://opac.sbn.it/opacsbn/opaclib?saveparams=false&db=solr_iccu&select_db=solr_iccu&searchForm=opac%2Ficcu%2Favanzata.jsp&resultForward=opac%2Ficcu%2Ffull.jsp&do_cmd=search_show_cmd&extra_rpnlabel=&long_emisfero_da=-&long_gradi_da=&long_primi_da=&long_secondi_da=&long_emisfero_a=-&long_gradi_a=&long_primi_a=&long_secondi_a=&lat_emisfero_da=&lat_gradi_da=&lat_primi_da=&lat_secondi_da=&lat_emisfero_a=&lat_gradi_a=&lat_primi_a=&lat_secondi_a=&nentries=1&rpnlabel=+Autore+%3D+aquino+%28parole+in+AND%29++AND+Titolo+%3D+della+commedia+trasportata+in+verso+latino+eroico+%28parole+in+AND%29+&rpnquery=%40attrset+bib-1+%40and++%40attr+1%3D1003+%40attr+4%3D6+%22aquino%22++%40attr+1%3D4+%40attr+4%3D6+%22della+commedia+trasportata+verso+latino+eroico%22&fname=none&from=1#collapsePermaITICCUUMCE037883,Della Commedia di Dante Alighieri trasportata in verso latino eroico da Carlo d'Aquino della Compagnia di Gesù,,,hex,https://www.wikidata.org/wiki/Q40185,,,1728,,,,,,,dallapietaEpicaLatinaProfana2020,,,,,,,,,,,,,,,,,
Louis @Petremol,,http://viaf.org/viaf/1163156051701312926,,,,,,,,,,Nineidos liber primus + Liber secundus de Semiramidos in Indiam bello,,,,Q103960,,,,,,,,,,bieritzLateinischePoesieLouis2021a,,,,,,,,,,,,,,,,,
Adamus Placotomus Silesius,,,,,,,,,,,,Paraphrasis historiae de Susanna,,,,Q16930210,,,,,,,,,,ryczkowskiParaphrasisHistoriaeSusanna2021a,,,,,,,,,,,,,,,,,
Publio Francesco @Modesti,Q3925318,https://viaf.org/viaf/29875328/,,,,,,,,,,Venetias,,,,,,,1521,,,,,,,schaffenrathLobVenedigsUnd2021,,,57903,IT\ICCU\RAVE\011454,,,,,,,,,,,,,"fabbriVeneziadeDiPublio2008,modestiModestiVeneziadeStudi1886"
